Name,From,To,Country,Type,Unit,SpecificWeight,Volume,N,Norg,Nmin,N-slow,N-ureum,NH4,NO3,N-Amide,P2O5,K2O,MgO,CaO,SO3,Na2O,Cl,Cu,Co,B,Mo,Fe,Mn,Zn,SiO2,Se,Pb,CODE_NL_CL022
Ammoniumnitraat vloeibaar,,,NL,MAN,LIT,1.24,,18,,,,,,,,,,,,,,,,,,,,,,,,,2100
Chilisalpeter,,,NL,MAN,KG,,,16,,,,,,,,,,,,,35,,,,0.2,,,,,,,,2101
KAS 27 (Kalkammonsalpeter),,,NL,MAN,KG,,,27,,,,,,,,,,,12,,,,,,,,,,,,,,2102
Magnesamon (MAS),,,NL,MAN,KG,,,22,,,,,,,,,,7,10.5,,,,,,,,,,,,,,2103
Urean 30 N,,,NL,MAN,LIT,1.32,,30,,,,,,,,,,,,,,,,,,,,,,,,,2104
Ureum gegranuleerd,,,NL,MAN,KG,,,46,,,,,,,,,,,,,,,,,,,,,,,,,2105
Ureum oplossing 18.4%,,,NL,MAN,LIT,1.1,,18.4,,,,,,,,,,,,,,,,,,,,,,,,,2106
Vloeibare ammoniak,,,NL,MAN,LIT,0.62,,82,,,,,,,,,,,,,,,,,,,,,,,,,2107
Zwavelzure ammoniak,,,NL,MAN,KG,,,21,,,,,,,,,,,,60,,,,,,,,,,,,,2108
Superfosfaat,,,NL,MAN,KG,,,,,,,,,,,19,,,25,32,,,,,,,,,,,,,2109
Tripelsuperfosfaat,,,NL,MAN,KG,,,,,,,,,,,45,,,19,5,,,,,,,,,,,,,2110
Kali 60,,,NL,MAN,KG,,,,,,,,,,,,60,,,,,47.3,,,,,,,,,,,2111
Kaliumsulfaat (standaard),,,NL,MAN,KG,,,,,,,,,,,,50,0.12,1.26,45,0.95,2.5,0.001,,,,0.04,,0.001,,,,2112
Korn-Kali,,,NL,MAN,KG,,,,,,,,,,,,40,6,,12,4,36,,,,,,,,,,,2113
Patentkali,,,NL,MAN,KG,,,,,,,,,,,,30,10,,42,,2.7,,,,,,,,,,,2114
Ammonium-polyfosfaat,,,NL,MAN,LIT,1.38,,10,,,,,,,,34,,0.5,0.2,0.4,,,,,,,0.3,,,,,,2115
NP 18+46 (DAP),,,NL,MAN,KG,,,18,,,,,,,,46.2,,0.8,0.1,3.8,0.1,,,,,,0.8,,,,,,2116
NP 20+34,,,NL,MAN,KG,,,20,,,,,,,,34,,,,,,,,,,,,,,,,,2117
NP 23+23,,,NL,MAN,KG,,,23,,,,,,,,23,,,,,,,,,,,,,,,,,2118
NP 26+14,,,NL,MAN,KG,,,26,,,,,,,,14,,,,,,,,,,,,,,,,,2119
NP 26+7,,,NL,MAN,KG,,,26,,,,,,,,7,,,,,,,,,,,,,,,,,2120
NPK 12+10+18,,,NL,MAN,KG,,,12,,,,,,,,10,18,,7.5,23.2,,2,,,,,,,,,,,2121
NPK 15+12+24,,,NL,MAN,KG,,,15,,,,,,,,12,24,,,1,,,,,,,,,,,,,2122
NPK 15+15+15,,,NL,MAN,KG,,,15,,,,,,,,15,15,,,4,,,,,,,,,,,,,2123
NPK 17+17+17,,,NL,MAN,KG,,,17,,,,,,,,17,17,,,1,,,,,,,,,,,,,2124
NPK 7+14+28,,,NL,MAN,KG,,,7,,,,,,,,14,28,,,25,,,,,,,,,,,,,2125
Kalisalpeter,,,NL,MAN,KG,,,13,,,,,,,,,45,,,,0.67,0.7,,,,,,,,,,,2126
Multi-K,,,NL,MAN,KG,,,13,,,,,,,,,46,,,,,,,,,,,,,,,,2127
Multi-K Mg,,,NL,MAN,KG,,,12,,,,,,,,,42,2,,,,,,,,,,,,,,,2128
Multi-K Mg (1-0-2),,,NL,MAN,KG,,,13,,,,,,,,,26,4,,,,,,,,,,,,,,,2129
Borax (decahydraat),,,NL,MAN,KG,,,,,,,,,,,,,,,0,,0.0001,,,11.3,,0,,,,,,2130
Esta kieseriet+D98,,,NL,MAN,KG,,,,,,,,,,,,,25,,50,,1.5,,,,,,,,,,,2131
Landbouwzout,,,NL,MAN,KG,,,,,,,,,,,,,0.17,5.6,0.1,50,59.9,,,,,0.2,,,,,,2132
Mais-MAP 0,,,NL,MAN,KG,,,20,,,,,,,,,,,,,,,,,0.1,,,,,,,,2133
Mais-MAP 20,,,NL,MAN,KG,,,20,,,,,,,,20,,,,,,,,,0.2,,,,,,,,2134
Mais-MAP 40,,,NL,MAN,KG,,,20,,,,,,,,40,,,,,,,,,0.2,,,,,,,,2135
Mangaansulfaat,,,NL,MAN,KG,,,,,,,,,,,,,,,,,0.02,,,,,0.005,31,,,,,2139
Nakamag,,,NL,MAN,KG,,,,,,,,,,,,11,5,,10,26.9,44,,,,,,,,,,,2140
Tropicote (Kalksalpeter),,,NL,MAN,KG,,,15.5,,,,,,,,,,,26.3,,,,,,,,,,,,,,2141
Optimag,,,NL,MAN,KG,,,20,,,,,,,,,,10,,10,,,,,,,,,,,,,2143
KAS 27% + 4% MgO,,,NL,MAN,KG,,,27,,,,,,,,,,4,6,,,,,,,,,,,,,,2144
NPK 26+0+0,,,NL,MAN,KG,,,26,,,,,,,,,,,,,,,,,,,,,,,,,2145
Ammonsulfaatsalpeter (ASS),,,NL,MAN,KG,,,26,,,,,,,,,,0.3,,35,,,,,,,0.05,,,,,,2146
Mas-super,,,NL,MAN,KG,,,22,,,,,,,,,,7,,,,,,,,,,,,,,,2147
Thomasmeel,,,NL,MAN,KG,,,,,,,,,,,11,,,,,,,,,,,,,,,,,2149
Zacht natuurfosfaat,,,NL,MAN,KG,,,,,,,,,,,27,,,37,,,,,,,,,,,,,,2150
Ruw kalizout,,,NL,MAN,KG,,,,,,,,,,,,15,,,,10,,,,,,,,,,,,2151
Ruw kaliumnatriumzout,,,NL,MAN,KG,,,,,,,,,,,,15,,,,10,,,,,,,,,,,,2152
NP 12+54 (MAP),,,NL,MAN,KG,,,12,,,,,,,,54,,,,,,,,,,,,,,,,,2153
NP 20+20 + 4MgO,,,NL,MAN,KG,,,20,,,,,,,,20,,4,,,,,,,,,,,,,,,2154
NP 11+52 + 0.1B,,,NL,MAN,KG,,,11,,,,,,,,52,,,,,,,,,0.1,,,,,,,,2155
Mono-ammoniumfosfaat,,,NL,MAN,KG,,,10,,,,,,,,50.2,,0.8,0.1,2,0.7,,,,,,0.7,,,,,,2156
NPK 22+6+0+8MgO+16SO3,,,NL,MAN,KG,,,22,,,,,,,,6,,8,,16,,,,,,,,,,,,,2157
NPK 16+10+20 chloorarm,,,NL,MAN,KG,,,16,,,,,,,,10,20,,,17,,,,,,,,,,,,,2158
NPK 14+14+14 chloorarm,,,NL,MAN,KG,,,14,,,,,,,,14,14,,,,,,,,,,,,,,,,2159
NPK 16+8+14+4MgO chloorarm,,,NL,MAN,KG,,,16,,,,,,,,8,14,4,,,,,,,,,,,,,,,2160
NPK 12+5+18+5 MgO,,,NL,MAN,KG,,,12,,,,,,,,5,18,5,,,,,,,,,,,,,,,2161
NPK 20+10+10,,,NL,MAN,KG,,,20,,,,,,,,10,10,,,4,,,,,,,,,,,,,2162
PK 25+25,,,NL,MAN,KG,,,,,,,,,,,25,25,,14.5,4,,,,,,,,,,,,,2164
PK 15+30,,,NL,MAN,KG,,,,,,,,,,,15,30,,15.3,6,,,,,,,,,,,,,2165
Monokaliumfosfaat (MKP),,,NL,MAN,KG,,,,,,,,,,,52,34,,,,,,,,,,,,,,,,2166
PK 20+30,,,NL,MAN,KG,,,,,,,,,,,20,30,,,2,,,,,,,,,,,,,2167
PK 14+24,,,NL,MAN,KG,,,,,,,,,,,14,24,,19.4,16.5,,,,,,,,,,,,,2168
PK 19+19 chloorarm,,,NL,MAN,KG,,,,,,,,,,,19,19,,,,,,,,,,,,,,,,2171
PK 10+25,,,NL,MAN,KG,,,,,,,,,,,10,25,,,,,,,,,,,,,,,,2172
NP 24+14,,,NL,MAN,KG,,,24,,,,,,,,14,,,,,,,,,,,,,,,,,2173
NP 26+26,,,NL,MAN,KG,,,26,,,,,,,,26,,,,,,,,,,,,,,,,,2174
Sulfamag,,,NL,MAN,KG,,,,,,,,,,,,,35,,36.8,,,,,,,,,,,,,2176
Graszout Groen,,,NL,MAN,KG,,,,,,,,,,,,,,,,47.5,54.5,3.5,,,,,,,,,,2177
Graszout Rood,,,NL,MAN,KG,,,,,,,,,,,,,,,,50,57.1,,0.3,,,,,,,,,2178
Calciumchloride,,,NL,MAN,LIT,1.3,,,,,,,,,,,,,16.6,,,21.1,,,,,,,,,,,2179
Dynamon S,,,NL,MAN,KG,,,24,,,,,,,,,,,10.5,15,,,,,,,,,,,,,2180
Calsal (akkerbouw),,,NL,MAN,LIT,1.5,,8.7,,,,,,,,,,,17.5,,,,,,,,,,,,,,2181
Chili borium plus,,,NL,MAN,KG,,,16,,,,,,,,,,,,,35,,,,0.2,,,,,,,,2182
Entec 26,,,NL,MAN,KG,,,26,,,,,,,,,,,,32.5,,,,,,,,,,,,,2183
KAS 24 Zwavel 15 SO3,,,NL,MAN,KG,,,24,,,,,,,,,,,,15,,,,,,,,,,,,,2184
NTS 27N,,,NL,MAN,LIT,1.3,,27,,,,,,,,,,,,7.5,,,,,,,,,,,,,2186
NTS 24N,,,NL,MAN,LIT,,,24,,,,,,,,,,,,15,,,,,,,,,,,,,2187
Bortrac 150,,,NL,MAN,LIT,1.365,,,,,,,,,,,,,,,,,,,11,,,,,,,,2200
Fertichel Borium,,,NL,MAN,LIT,1.35,,,,,,,,,,,,,,,,,,,10,,,,,,,,2201
Maneltra Borium,,,NL,MAN,LIT,,,,,,,,,,,,,,,,,,,,15,,,,,,,,2202
Solubor DF,,,NL,MAN,KG,,,,,,,,,,,,,,,,10,,,,17.4,,,,,,,,2203
Top Trace Borium,,,NL,MAN,LIT,1.35,,,,,,,,,,,,,,,,,,,11.1,,,,,,,,2204
Wuxal Borium extra WP,,,NL,MAN,LIT,1.35,,8,,,,,,,,10,,,,,,,,,7,,,0.05,,,,,2205
Hydrophos,,,NL,MAN,LIT,1.479,,,,,,,,,,29.7,5,6.8,,,,,,,,,,,,,,,2206
Bitterzout EPSO Top,,,NL,MAN,KG,,,,,,,,,,,,,16,,32,,,,,,,,,,,,,2207
Chelal Mg vloeibaar,,,NL,MAN,LIT,,,,,,,,,,,,,7.5,,,,,,,,,,,,,,,2208
Fertichel Magnesium,,,NL,MAN,LIT,1.256,,,,,,,,,,,,6.6,,,,,,,,,,,,,,,2209
Hydromag 500,,,NL,MAN,LIT,1.517,,,,,,,,,,,,33,,,,,,,,,,,,,,,2210
Luxan Magnesiumchelaat-EDTA 2.5%,,,NL,MAN,LIT,,,,,,,,,,,,,4.15,,,,,,,,,,,,,,,2211
Top Trace Magnesiumchelaat,,,NL,MAN,LIT,1.2,,,,,,,,,,,,5,,,,,,,,,,,,,,,2212
Top Trace Magnesiumnitraat,,,NL,MAN,LIT,1.35,,7,,,,,,,,,,10,,,,,,,,,,,,,,,2213
Chelal Mn vloeibaar,,,NL,MAN,LIT,,,,,,,,,,,,,,,,,,,,,,,9,,,,,2215
Fertichel Mangaan,,,NL,MAN,LIT,1.2,,,,,,,,,,,,,,,,,,,,,,5,,,,,2216
Luxan Mangaanchelaat-EDTA 5%,,,NL,MAN,LIT,,,,,,,,,,,,,,,,,,,,,,,5,,,,,2217
Mangaan Vloeibaar extra,,,NL,MAN,LIT,1.55,,7.7,,,,,,,,,,,,,,,,,,,,15,,,,,2218
Mantrac 500,,,NL,MAN,LIT,1.826,,,,,,,,,,,,,,,,,,,,,,27.4,,,,,2219
Mantrilon FL,,,NL,MAN,LIT,1.35,,,,,,,,,,,,,,,,,,,,,,6,,,,,2220
Top Trace Mangaanchelaat,,,NL,MAN,LIT,1.2,,,,,,,,,,,,,,,,,,,,,,5,,,,,2221
Top Trace Mangaannitraat,,,NL,MAN,LIT,1.48,,6.9,,,,,,,,,,,,,,,,,,,,13.5,,,,,2222
Wuxal Suspensie Mangaan,,,NL,MAN,LIT,1.3,,10,,,,,,,,,,3,,,,,,,,,,6,,,,,2223
Polyfeed Duetto,,,NL,MAN,KG,,,20,,,,,,,,,33,,,,,,0.07,,0.035,0.0033,,0.02,0.01,,,,2224
Seniphos,,,NL,MAN,LIT,1.312,,3,,,,,,,,23.6,,,4.3,,,,,,,,,,,,,,2225
Magnesiumnitraat,,,NL,MAN,LIT,1.35,,7,,,,,,,,,,10,,,,,,,,,,,,,,,2226
Solafos,,,NL,MAN,LIT,,,10,,,,,,,,34,,,,,,,,,,,,,,,,,2227
Magnesiumsulfaat,,,NL,MAN,LIT,1.23,,,,,,,,,,,,7,,14,,,,,,,,,,,,,2228
Rundveemest vast,,,NL,MOR,TON,0.9,,6.3,4.85,1.45,,,,,,3.7,8.1,2.1,,0.24,0.9,,,,,,,,,,,,2300
Rundveegier,,,NL,MOR,TON,1.3,,4.1,0.2027,3.8973,,,,,,2,8,0.2,,0.8,1,,,,,,,,,,,,2303
Vleeskalveren drijfmest (witvlees),,,NL,MOR,TON,,,2.8,0.56,2.24,,,,,,1.5,4.35,1.3,,0.72,,,,,,,,,,,,,2304
Fokzeugen/biggendrijfmest,,,NL,MOR,TON,,,5.1,2.04,3.06,,,,,,3.1,4.05,1.1,,0.36,0.6,,,,,,,,,,,,2308
Legkippenmest rooster,,,NL,MOR,TON,0.65,,25,22.5,2.5,,,,,,26.8,12.7,4.9,,2.4,1.5,,,,,,,,,,,,2310
Vleeskuikenmest vast,,,NL,MOR,TON,0.65,,32.6,267.275,5.8725,,,,,,17.7,20.75,6.5,,3.6,3,,,,,,,,,,,,2313
Vleeskalkoenenmest,,,NL,MOR,TON,0.535,,25.9,19.2,6.7,,,,,,21,17.1,6.3,,3.8,7.3,,,,,,,,,,,,2315
Paardenmest vast,,,NL,MOR,TON,0.7,,5,4,1,,,,,,3,5.5,1.8,,,,,,,,,,,,,,,2317
Nertsenmest vast,,,NL,MOR,TON,0.7,,34.2,14.7085,19.4915,,,,,,35.8,2,2.2,,3.72,5.1,,,,,,,,,,,,2318
Vossenmest vast,,,NL,MOR,TON,0.7,,37.2,15.9852,21.2148,,,,,,27.4,2.7,2.2,,3.72,5.1,,,,,,,,,,,,2319
Konijnenmest,,,NL,MOR,TON,0.6,,12.9,9.8,3.1,,,,,,12.4,11,5.7,,0.24,2.2,,,,,,,,,,,,2320
Schapenmest stro,,,NL,MOR,TON,0.7,,8.3,6.3876,1.9124,,,,,,4.6,18,2.8,,0.24,2.3,,,,,,,,,,,,2322
Geitenmest vast,,,NL,MOR,TON,0.8,,9.6,6.6234,2.9766,,,,,,5.2,10.6,3.5,,0.24,1.9,,,,,,,,,,,,2323
Eendenmest vast,,,NL,MOR,TON,0.9,,9.1,6.75,2.35,,,,,,8.5,7,1.6,,3.8,0.8,,,,,,,,,,,,2325
Eendendrijfmest,,,NL,MOR,TON,,,6.2,2.6671,3.5329,,,,,,4.7,7,2.2,,0.88,0.9,,,,,,,,,,,,2326
Rundveemest filtraat,,,NL,MOR,TON,1.3,,4.1,0.2064,3.8936,,,,,,2,6.8,0.2,,0.8,1,,,,,,,,,,,,2327
Rundveemest koek,,,NL,MOR,TON,,,19.9,15.2813,4.6187,,,,,,13.9,5.2,2.1,,0.24,0.9,,,,,,,,,,,,2328
Runderdrijfmest,,,NL,MOR,TON,1.5,,4.5,21.136,23.864,,,,,,1.9,6.3,1.3,,0.72,0.8,,,,,,,,,,,,2329
Runderdrijfmest (16),,,NL,MOR,TON,,,,,,,,,,,,,,,,,,,,,,,,,,,,2330
Vleeskalveren drijfmest (rosevlees),,,NL,MOR,TON,,,5.1,1.02,4.08,,,,,,2.3,4.9,1.3,,0.72,,,,,,,,,,,,,2331
Legkippendrijfmest,,,NL,MOR,TON,1.2,,10.4,4.4727,5.9273,,,,,,7,5.6,2.2,,0.88,0.9,,,,,,,,,,,,2335
Legkippenmest vast,,,NL,MOR,TON,0.65,,28.5,25.6536,2.8464,,,,,,28.8,23.8,4.9,,2.4,1.5,,,,,,,,,,,,2337
Legkippenmest,,,NL,MOR,TON,0.65,,25.7,23.1338,2.5662,,,,,,19.8,15.45,4.9,,2.4,1.5,,,,,,,,,,,,2340
Legkippenmest nagedroogd,,,NL,MOR,TON,0.65,,36.5,32.8488,3.6512,,,,,,28.2,21.45,4.9,,2.4,1.5,,,,,,,,,,,,2341
Varkensmest vast,,,NL,MOR,TON,0.8,,10.8,8.64,2.16,,,,,,10.7,8.65,2.5,,0.24,1,,,,,,,,,,,,2352
Varkensgier,,,NL,MOR,TON,1.1,,3.9,0.19,3.71,,,,,,1.1,4.5,0.2,,0.72,0.2,,,,,,,,,,,,2354
Varkensmest filtraat,,,NL,MOR,TON,1.1,,4.7,0.2371,4.4629,,,,,,1.1,4.2,0.2,,0.72,0.2,,,,,,,,,,,,2356
Varkensmest koek,,,NL,MOR,TON,,,18.7,14.9752,3.7248,,,,,,19.5,3.5,2.5,,0.24,1,,,,,,,,,,,,2358
Vl.varkensdrijfmest,,,NL,MOR,TON,1.4,,6.8,2.86,3.94,,,,,,3.9,7.2,1.8,,0.64,0.9,,,,,,,,,,,,2367
Nertsendrijfmest,,,NL,MOR,TON,,,9.6,4.52,5.08,,,,,,6,2,1.3,,0.72,0.8,,,,,,,,,,,,2372
Konijnengier,,,NL,MOR,TON,,,,,,,,,,,,5,0.2,,0.8,1,,,,,,,,,,,,2373
Konijnendrijfmest,,,NL,MOR,TON,,,5.1,2.55,2.55,,,,,,4.1,11,5.7,,0.24,2.2,,,,,,,,,,,,2374
Parelhoendersmest,,,NL,MOR,TON,0.6,,32.6,29.34,3.26,,,,,,17.7,18.5,4.8,,2.2,1,,,,,,,,,,,,2375
Biet-vinasse,,,NL,MOR,TON,,,,,,,,,,,,80,,,,,,,,,,,,,,,,2400
Champost,,,NL,MOR,TON,,,6.9,6.55,0.35,,,,,,4.1,5,2.5,45,13.6,1,,0.0086,,,,,,0.035,,,,2401
GFT-Landbouwcompost,,,NL,MOR,TON,,,8.7,7.8,0.9,,,,,,4.6,8.1,2.4,10.9,,,,0.0332,,,,,,0.113,,,,2402
Lotusvinasse,,,NL,MOR,TON,,,40,,,,,,,,5,250,,,,,,,,,,,,,,,,2403
Protamylasse,,,NL,MOR,TON,,,30,5,25,,,,,,15,90,,,,,5,,,,,,,,,,,2404
Recykal SF,,,NL,MOR,TON,,,50,50,,,,,,,15,90,,5,,5,4,,,,,,,,,,,2405
Vinasse,,,NL,MOR,TON,,,,,,,,,,,,430,,,,,,,,,,,,,,,,2406
Vinasse-Extract,,,NL,MOR,TON,,,,,,,,,,,,400,,,,,,,,,,,,,,,,2407
Vinassekali chloorarm,,,NL,MOR,TON,,,38,38,,,,,,,5,100,1,5,17,19,12,,,,,,,,,,,2408
Vinassekali-SF chloorarm,,,NL,MOR,TON,,,8,8,,,,,,,5,250,,105,413,8,1.1,,,,,,,,,,,2409
Vinassekali-SFL chloorarm,,,NL,MOR,TON,,,22,22,,,,,,,5,260,,20,333,65,6,,,,,,,,,,,2410
Zuiveringsslib vast,,,NL,MOR,TON,,,,,,,,,,,,,,,,,,,,,,,,,,,,2411
Zuiveringsslib vloeibaar,,,NL,MOR,TON,,,,,,,,,,,,,,,,,,,,,,,,,,,,2412
NatuKali,,,NL,MOR,TON,1.8,,4,3,1,,,,,,2,50,0.4,,30,15,,,,,,,,,,,,2413
Agrakalk 23+4,,,NL,KLK,KG,,,0.14,,,,,,,,0.38,0.05,4,,,,,,,,,,,,,,,2500
Betacal-Carbo,,,NL,KLK,KG,,,0.325,,,,,,,,1.15,0.11,1.1,29,0.7,0.027,,,,0.0005,,0.2,0.015,0.005,,,,2501
Betacal-Filter,,,NL,KLK,KG,,,0.275,,,,,,,,0.975,0.09,0.9,24,0.6,0.023,,,,0.004,,0.17,0.013,0.004,,,,2502
Betacal-Flow,,,NL,KLK,KG,,,0.225,,,,,,,,0.8,0.08,0.8,20,0.5,0.02,,,,0.0003,,0.14,0.01,0.003,,,,2503
Borgakal,,,NL,KLK,KG,,,,,,,,,,,,,7,41,,,,,,,,,,,,,,2504
Borium-Kencica,,,NL,KLK,KG,,,5,,,,,,,,,,5,40,,,,,,0.05,,,,,,,,2505
Dolokal,,,NL,KLK,KG,,,,,,,,,,,,,5,47,,,,,,,,,,,,,,2506
Dolokal Extra,,,NL,KLK,KG,,,,,,,,,,,,,10,41,,,,,,,,,,,,,,2507
Dolokal Supra,,,NL,KLK,KG,,,,,,,,,,,,,19,30,,,,,,,,,,,,,,2508
Emkal,,,NL,KLK,KG,,,,,,,,,,,,,,53,,,,,,,,,,,,,,2509
Ferkal,,,NL,KLK,KG,,,0.48,,,,,,,,1.43,0.04,1.36,23,0.89,,,0.0001,,,,,,0.0041,,,,2510
Gebluste Poederkalk Eclat,,,NL,KLK,KG,,,,,,,,,,,,,1,72,,,,,,,,,,,,,,2511
Limkal,,,NL,KLK,KG,,,,,,,,,,,,,,50,,,,,,,,,,,,,,2512
Magkal,,,NL,KLK,KG,,,,,,,,,,,,,17,,,,,,,,,,,,,,,2513
Magnesiakalk,,,NL,KLK,KG,,,,,,,,,,,,,5,,,,,,,,,,,,,,,2514
Vitakal,,,NL,KLK,KG,,,,,,,,,,,,,,,,,,,,,,,,,,,,2516
Winterwijkse Kleidolomiet,,,NL,KLK,KG,,,,,,,,,,,,,5,39,,,,,,,,,,,,,,2517
Winterswijk Ultradolomiet,,,NL,KLK,KG,,,,,,,,,,,,,10,27,,,,,,,,,,,,,,2518
Koolzure landbouwkalk,,,NL,KLK,KG,,,,,,,,,,,,,1,,,,,,,,,,,,,,,2519
Kalkmergel,,,NL,KLK,KG,,,,,,,,,,,,,,,,,,,,,,,,,,,,2521
Fosma kencica PK 8+15,,,NL,MAN,KG,,,,,,,,,,,8,16,6,30,,,,,,,,,,,,,,2522
Fosma kencica PK 5+10,,,NL,MAN,KG,,,,,,,,,,,5,18,5,30,,,,,,,,,,,,,,2525
Stima kencica,,,NL,MAN,KG,,,,,,,,,,,,,,,,,,,,,,,,,,,,2526
Koper kencica,,,NL,MAN,KG,,,,,,,,,,,3,3,8,,,,,0.3,0.02,,,,,,,,,2527
Unika,,,NL,MAN,KG,,,14,,,,,,,,,24,,12,,,,,,,,,,,,,,2528
Miramag,,,NL,KLK,KG,,,,,,,,,,,,,19,,,,,0.0008,,0.002,,,0.044,0.005,,,,2532
Branntkalk,,,NL,KLK,KG,,,,,,,,,,,,,,80,,,,,,,,,,,,,,2533
Copter,,,NL,MAN,LIT,1.49,,9.2,,,,,,,,,,,,,,,20,,,,,,,,,,2534
Foliar extra,,,NL,MAN,LIT,1.24,,12,,,,,,,,8,6,,,,,,,,,,,,,,,,2535
Human 15,,,NL,MAN,LIT,1.36,,,,,,,,,,,,1.2,,9.3,,,,,,,,15,,,,,2536
Boron,,,NL,MAN,LIT,1.35,,,,,,,,,,,,,,,,,,,15,,,,,,,,2537
Magnor,,,NL,MAN,LIT,1.35,,5,,,,,,,,,,10,,,,,,,,,,,,,,,2538
Phos plus,,,NL,MAN,LIT,1.36,,,,,,,,,,43,,6,,,,,,,,,,,,,,,2539
Sulpha N,,,NL,MAN,LIT,1.33,,14,,,,,,,,,,,,33,,,,,,,,,,,,,2540
Vercal,,,NL,MAN,LIT,1.28,,,,,,,,,,,,,15,,,,,,,,,,,,,,2541
Zinic,,,NL,MAN,LIT,1.32,,,,,,,,,,,,,,8,,,,,,,,,14,,,,2542
Natriummolybdaat,,,NL,MAN,KG,,,,,,,,,,,0.001,,,,,,,,,,39.8,,,,,,,2543
Molytrac 250,,,NL,MAN,LIT,1.61,,,,,,,,,,,,,,,,,,,,15.5,,,,,,,2545
HydroPlus Molybdeen,,,NL,MAN,LIT,1.38,,,,,,,,,,,,,,,,,,,,4.1,,,,,,,2546
EPSO Microtop,,,NL,MAN,KG,,,,,,,,,,,,,15,,31,,,,,1,,,1,,,,,2548
Masterbietenzout,25-May-11,,NL,MAN,KG,,,,,,,,,,,,,,,,50,,,,0.2,,,,,,,,2552
Entec 20+5+5,24-Feb-12,,NL,MAN,,,,,,,,,,,,,,,,,,,,,,,,,,,,,2708
Mangaan-Nitro 7.5%,24-Feb-12,,NL,MAN,LIT,1.4,,7.5,,,,,,,,,,,,,,,,,,,,18,,,,,2903
Duwa-Dolomitique,24-Feb-12,,NL,KLK,KG,,,,,,,,,,,,,19,31,,,,,,,,,,,,,,3011
Duwa-MAG,24-Feb-12,,NL,KLK,KG,,,,,,,,,,,,,18,31,,,,,,,,,,,,,,3012
Duwa-Mixte,24-Feb-12,,NL,KLK,KG,,,,,,,,,,,,,5,48,,,,,,,,,,,,,,3013
Dologran 5,24-Feb-12,,NL,KLK,KG,,,,,,,,,,,,,5,,,,,,,,,,,,,,,3014
Dologran 15,24-Feb-12,,NL,KLK,KG,,,,,,,,,,,,,15,,,,,,,,,,,,,,,3015
Natte Kalkslib,24-Feb-12,,NL,KLK,LIT,1.1,,,,,,,,,,,,0.004,5.67,,,,,,,,1.41,0.006,,,,,3016
Lithomagnesium,24-Feb-12,,NL,KLK,KG,,,,,,,,,,,,,10,30,,,,,,,,,0.001,,,,,3017
Physiomax,24-Feb-12,,NL,KLK,KG,,,,,,,,,,,,,3,36,,,,,,,,,,,,,,3018
Ankal Wit,24-Feb-12,,NL,KLK,KG,,,,,,,,,,,,,,,,,,,,,,,,,,,,3019
Nedcal,24-Feb-12,,NL,KLK,KG,,,,,,,,,,,,,1,,,,,,,,,,,,,,,3020
ACS Koper 500,24-Feb-12,,NL,MAN,LIT,,,,,,,,,,,,,,,,,,50,,,,,,,,,,3021
ACS Zwavel 800,24-Feb-12,,NL,MAN,LIT,1.36,,,,,,,,,,,,,,58.8,,,,,,,,,,,,,3022
Agro-Force,24-Feb-12,,NL,MAN,LIT,,,,,,,,,,,,0.5,,,,,,,,0.1,,,,,,,,3023
Ammoniumthiosulfaat (ATS),24-Feb-12,,NL,MAN,KG,,,18,,,,,,,,,,,,43,,,,,,,,,,,,,3024
Marathon K,24-Feb-12,,NL,MAN,KG,,,7,,,,,,,,6,14,2,,16,,,,,,,,,,,,,3025
Photrel,24-Feb-12,,NL,MAN,KG,,,,,,,,,,,,,13.3,,36.3,,,,,5,0.4,,7,,,,,3026
NPK 12+5+17+5MgO,24-Feb-12,,NL,MAN,KG,,,12,,,,,,,,5,17,5,,,,,,,,,,,,,,,3027
Marathon N,24-Feb-12,,NL,MAN,KG,,,14,,,,,,,,5,8,2,,10,,,,,,,,,,,,,3028
Marathon P,24-Feb-12,,NL,MAN,KG,,,6,,,,,,,,12,8,2,,11,,,,,,,,,,,,,3029
Marathon NK,24-Feb-12,,NL,MAN,KG,,,12,,,,,,,,,14,2.5,,16,,,,,,,,,,,,,3031
Phosfik,24-Feb-12,,NL,MAN,LIT,1.38,,3,,,,,,,,27,18,,,,,,0.02,,0.01,0.001,,0.01,0.01,,,,3034
KAS 26+35SO3 (Kalkammonsalpeter),24-Feb-12,,NL,MAN,KG,,,26,,,,,,,,,,,,35,,,,,,,,,,,,,3039
Maïsstarter 20+15 + 0.15B,24-Feb-12,,NL,MAN,KG,,,20,,,,,,,,15,,,,,,,,,0.15,,,,,,,,3045
Maïsstarter 20+15 + 3MgO,24-Feb-12,,NL,MAN,KG,,,20,,,,,,,,15,,3,,,,,,,,,,,,,,,3046
Maïsstarter 20+20 + 0.2B,24-Feb-12,,NL,MAN,KG,,,20,,,,,,,,20,,,,,,,,,0.2,,,,,,,,3047
NK 9+9+13.5SO3,24-Feb-12,,NL,MAN,KG,,,9,,,,,,,,,9,,,13.5,,,,,,,,,,,,,3049
NP 12+52,24-Feb-12,,NL,MAN,KG,,,12,,,,,,,,52,,,,,,,,,,,,,,,,,3050
NP 20+20 + 0.1B,24-Feb-12,,NL,MAN,KG,,,20,,,,,,,,20,,,,,,,,,0.1,,,,,,,,3051
NP 20+25 + 3MgO + 0.6B,24-Feb-12,,NL,MAN,KG,,,20,,,,,,,,25,,3,,,,,,,0.6,,,,,,,,3052
NP 20+40 + 0.1B,24-Feb-12,,NL,MAN,KG,,,20,,,,,,,,40,,,,,,,,,0.1,,,,,,,,3053
NP 26+12 + 0.2B,24-Feb-12,,NL,MAN,KG,,,26,,,,,,,,12,,,,,,,,,0.2,,,,,,,,3054
NP 26+8 + 10SO3,24-Feb-12,,NL,MAN,KG,,,26,,,,,,,,8,,,,10,,,,,,,,,,,,,3055
NPK 12+9+20+17.5 SO3,24-Feb-12,,NL,MAN,KG,,,12,,,,,,,,9,20,,,17.5,,,,,,,,,,,,,3057
NPK 13+13+21,24-Feb-12,,NL,MAN,KG,,,13,,,,,,,,13,21,,,5,,,,,,,,,,,,,3058
NPK 14+10+20+14 SO3,24-Feb-12,,NL,MAN,KG,,,14,,,,,,,,10,20,,,14,,,,,,,,,,,,,3059
NPK 14+8+24,24-Feb-12,,NL,MAN,KG,,,14,,,,,,,,8,24,,,,,,,,,,,,,,,,3060
Wuxal Suspensie Magnesium,24-Feb-12,,NL,MAN,LIT,1.5,,15,,,,,,,,,,8,,,,,0.05,,0.02,0.001,0.1,0.05,0.05,,,,3061
Wuxal Suspensie Nr. 1,24-Feb-12,,NL,MAN,LIT,1.5,,20,,,,,,,,,15,4,,,,,0.05,,0.02,0.001,0.1,0.05,0.05,,,,3063
Zintrac 700,24-Feb-12,,NL,MAN,LIT,1.75,,,,,,,,,,,,,,,,,,,,,,,40,,,,3064
Flex NP 20+6 Micro nutriënten,24-Feb-12,,NL,MAN,LIT,1.21,,19.5,,,,,,,,5.8,,,,2,,,,,,,,,,,,,3065
Flex Aardappel N 18 Ca B,24-Feb-12,,NL,MAN,LIT,1.24,,17.7,,,,,,,,,,,7.8,,,,,,0.64,,,,,,,,3067
Flex Aardappel NP 9+18 S B Zn,24-Feb-12,,NL,MAN,LIT,1.28,,8.8,,,,,,,,17.7,,,,2,,,,,0.5,,,,0.5,,,,3068
Flex Aardappel NP 7+18 S B Zn,24-Feb-12,,NL,MAN,LIT,1.25,,7.8,,,,,,,,17.7,,,,0.8,,,,,0.5,,,,0.3,,,,3070
Flex N 24,24-Feb-12,,NL,MAN,LIT,1.22,,23.7,,,,,,,,,,,,7.5,,,,,,,,,,,,,3071
Flex NP 15+10 Na B,24-Feb-12,,NL,MAN,LIT,1.2,,14.7,,,,,,,,9.7,,,,0.3,5.1,,,,0.3,,,,,,,,3072
Flex Blad N 18 Mg S,24-Feb-12,,NL,MAN,LIT,1.2,,17.7,,,,,,,,0.1,,1.5,,6.1,,,,,,,,,,,,,3073
Flex NP 13+18 B Zn,24-Feb-12,,NL,MAN,LIT,1.27,,12.7,,,,,,,,17.8,,,,2,,,,,0.5,,,,0.3,,,,3074
Stikstofmagnesia,24-Feb-12,,NL,MAN,KG,,,22,,,,,,,,,,7,10.2,,,,,,,,,,,,,,3079
Kencica Zwavel-N,24-Feb-12,,NL,MAN,KG,,,26,,,,,,,,,,,,35,,,,,,,,,,,,,3080
N-Zomerzout,24-Feb-12,,NL,MAN,KG,,,20,,,,,,,,,,,,,11,,,,,,,,,,,,3081
Flex Maïs NP 18+14 B,24-Feb-12,,NL,MAN,LIT,1.26,,17.7,,,,,,,,13.7,,,,1.1,,,,,0.5,,,,,,,,3082
Krista-K,24-Feb-12,,NL,MAN,KG,,,13.5,,,,,,,,,38,,,,,,,,,,,,,,,,3083
Multi-K Extra,24-Feb-12,,NL,MAN,KG,,,13,,,,,,,,,38,2.5,,,,,,,,,,,,,,,3084
Kalisalpeter + MgO,24-Feb-12,,NL,MAN,KG,,,12,,,,,,,,,42,4,,,,,,,,,,,,,,,3085
Magnisal,24-Feb-12,,NL,MAN,KG,,,11,,,,,,,,,,16,,,,,,,,,,,,,,,3086
Esta Kieseriet (fijn),24-Feb-12,,NL,MAN,KG,,,,,,,,,,,,,27,,54,,1.6,,,,,,,,,,,3087
HydroComplex Sprinter,24-Feb-12,,NL,MAN,KG,,,20,,,,,,,,10,10,2,,8.2,,,,,0.015,,,0.02,0.02,,,,3088
HydroComplex Grower,24-Feb-12,,NL,MAN,KG,,,16,,,,,,,,6,21,2,,9.5,,,,,0.015,,,0.02,0.02,,,,3089
NPK Extra,24-Feb-12,,NL,MAN,KG,,,15,,,,,,,,7,15,3,,,,,,,,,,,,,,,3090
Stimana Balans,24-Feb-12,,NL,MAN,KG,,,14,,,,,,,,7,5,6,6,,6,,,0.02,,,,,,,,,3091
Flex Blad N 18 Ca Mg Mn,24-Feb-12,,NL,MAN,LIT,1.2,,17.7,0.2,,,,,,,0.2,,1.5,6.6,,,,,,,,,0.3,,,,,3092
HydroComplex Partner,24-Feb-12,,NL,MAN,KG,,,12.4,,,,,,,,11.4,17.7,2.6,,20,,,,,0.015,,,0.02,0.02,,,,3093
NPK 12+12+17,24-Feb-12,,NL,MAN,KG,,,12,,,,,,,,12,17,2,,6,,,,,,,,,,,,,3094
NPK Super,24-Feb-12,,NL,MAN,KG,,,12,,,,,,,,8,16,5,5,,,,,,,,,,,,,,3095
NPK 5+12+24,24-Feb-12,,NL,MAN,KG,,,5,,,,,,,,12,24,,,6.6,,,,,,,,,,,,,3096
Stimafos 10,24-Feb-12,,NL,MAN,KG,,,20,,,,,,,,10,,,,,6,,,,0.05,,,,,,,,3097
Stimafos 20,24-Feb-12,,NL,MAN,KG,,,20,,,,,,,,20,,4,,,,,,,0.05,,,,,,,,3098
Kencica Groeistart,24-Feb-12,,NL,MAN,KG,,,20,,,,,,,,10,,6,,,,,,,0.05,,,,,,,,3099
Vloeibare Maïs-Map,24-Feb-12,,NL,MAN,LIT,1.35,,18.8,,,,,,,,18.8,,,,,,,,,0.2,,,,,,,,3100
Stimafos 18/12,24-Feb-12,,NL,MAN,KG,,,18,,,,,,,,12,,4,,,5,,0.3,0.02,,,,,,,,,3101
Stimafos 18/6,24-Feb-12,,NL,MAN,KG,,,18,,,,,,,,6,,5,5,,6,,0.3,0.02,,,,,,,,,3102
Eco 14+14+7 MgO,24-Feb-12,,NL,MAN,KG,,,14,,,,,,,,14,,7,,,8,,0.3,0.02,,,,,,,,,3103
Eco 16+9+7 MgO,24-Feb-12,,NL,MAN,KG,,,16,,,,,,,,9,,7,,,8,,0.2,0.02,,,,,,,,,3104
Stimana Plus,24-Feb-12,,NL,MAN,KG,,,14,,,,,,,,7,,6,6,,6,,,,,,,,,,,,3105
NP 11.5+5.6+2.2B,24-Feb-12,,NL,MAN,KG,,,11.5,,,,,,,,5.6,,,7.4,38.9,,,,,2.2,,,,,,,,3106
Hydran,24-Feb-12,,NL,MAN,KG,,,22,,,,,,,,,15,,,13,,,,,,,0.5,0.02,0.02,,,,3107
NK 15+20+5MgO,24-Feb-12,,NL,MAN,KG,,,15,,,,,,,,,20,5,,19,,,,,,,,,,,,,3108
NK Speciaal,24-Feb-12,,NL,MAN,KG,,,15,,,,,,,,,15,5,6,,,,,,,,,,,,,,3109
PK 16+36,24-Feb-12,,NL,MAN,KG,,,,,,,,,,,16,36,,10.5,4,,,,,,,,,,,,,3111
PK 10+30,24-Feb-12,,NL,MAN,KG,,,,,,,,,,,10,30,,,10,,,,,,,,,,,,,3112
PK 7+40,24-Feb-12,,NL,MAN,KG,,,,,,,,,,,7,40,,10.8,9.8,,,,,,,,,,,,,3113
Borium-Vloeibaar,24-Feb-12,,NL,MAN,LIT,1.33,,,,,,,,,,,,,,,,,,,11.3,,,,,,,,3114
Wuxal Folibor,24-Feb-12,,NL,MAN,LIT,1.36,,,,,,,,,,,,,,,,,,,11,,,,,,,,3115
Boronat 32,24-Feb-12,,NL,MAN,KG,,,,,,,,,,,0.03,0.5,1,11.2,6.7,8.3,3,,,10,,0.15,0.004,,,,,3116
HydroPlus Borium,24-Feb-12,,NL,MAN,LIT,1.38,,,,,,,,,,,,,,,,,,,5.7,,,,,,,,3117
Weidezout Kobalt 0.3%,24-Feb-12,,NL,MAN,KG,,,,,,,,,,,,,0.17,0.25,0.53,50,58.8,,0.3,,,,,,,,,3118
Coptrel 500,24-Feb-12,,NL,MAN,LIT,1.523,,,,,,,,,,,,,,,,,32.8,,,,,,,,,,3119
HydroPlus Kopernitraat,24-Feb-12,,NL,MAN,LIT,1.38,,5.3,,,,,,,,,,,,,,,12,,,,,,,,,,3120
Fertichel Koper,24-Feb-12,,NL,MAN,LIT,,,,,,,,,,,,,,,,,,5,,,,,,,,,,3121
Weidezout Koper 3.5%,24-Feb-12,,NL,MAN,KG,,,,,,,,,,,,,0.17,0.27,0.22,47.5,55.2,3.5,,,,,,,,,,3122
Thomaskali 8+15+6 MgO,24-Feb-12,,NL,MAN,KG,,,,,,,,,,,8,15,6,20,10,,,,,,,,,,,,,3123
Zinflow 700,24-Feb-12,,NL,MAN,LIT,1.759,,,,,,,,,,,,,,,,,,,,,,,40,,,,3126
Wuxal Aminocal,24-Feb-12,,NL,MAN,LIT,1.35,,,,,,,,,,,,,15,,,,,,,,,0.5,0.5,,,,3127
HydroPlus Zinknitraat,24-Feb-12,,NL,MAN,LIT,1.46,,6,,,,,,,,,,,,,,,,,,,,,14,,,,3128
Sporumix A,24-Feb-12,,NL,MAN,KG,,,,,,,,,,,,,25,,,,,1.2,0.05,0.07,0.025,,0.6,0.1,,,,3129
Sporumix B,24-Feb-12,,NL,MAN,KG,,,,,,,,,,,,,25,,,,,0.7,0.05,0.6,0.025,,,0.3,,,,3130
Wuxal Microplant,24-Feb-12,,NL,MAN,LIT,1.5,,5,,,,,,,,,10,3,,,,,0.5,,0.3,0.01,1,1.5,1,,,,3131
Entec 14+7+17,24-Feb-12,,NL,MAN,KG,,,14,,,,,,,,7,17,2,,27,,,,,0.02,,,,0.01,,,,3135
Kalkstikstof,24-Feb-12,,NL,MAN,KG,,,21,,,,,,,,,,,60,,,,,,,,,,,,,,3136
Entec 25+15,24-Feb-12,,NL,MAN,KG,,,25,,,,,,,,15,,,,,,,,,,,,,,,,,3137
IJzerchelaat,24-Feb-12,,NL,MAN,LIT,1.31,,,,,,,,,,,,,,,,,,,,,6,,,,,,3138
Basfoliar 36 Extra,24-Feb-12,,NL,MAN,LIT,1.35,,27,,,,,,,,,,3,,,,,0.2,,,0.005,0.02,1,0.01,,,,3139
Basfoliar Combi-stipp,24-Feb-12,,NL,MAN,LIT,1.5,,9,,,,,,,,,,1,15,,,,,,0.2,,,0.4,0.01,,,,3140
Basfoliar 12+4+6,24-Feb-12,,NL,MAN,LIT,1.2,,12,,,,,,,,4,6,,,,,,0.01,,0.01,0.001,,0.01,0.005,,,,3141
Nutribor,24-Feb-12,,NL,MAN,LIT,0.65,,6,,,,,,,,,,5,,22.5,,,,,8,0.04,,1,0.1,,,,3142
Selon,24-Feb-12,,NL,MAN,LIT,,,5.8,,,,,,,,11.2,9.1,,,33,,,,,,,,,,,,,3143
Aspergezout,24-Feb-12,,NL,MAN,KG,2.17,,,,,,,,,,,,10,,,38.5,,,,,,,,,,,,3144
Caltrac,24-Feb-12,,NL,MAN,LIT,1.686,,,,,,,,,,,,,33,,,,,,,,,,,,,,3145
Copper Pholate,24-Feb-12,,NL,MAN,LIT,1.32,,,,,,,,,,,,,,,,,7,,,,,,,,,,3146
Ferleaf,24-Feb-12,,NL,MAN,LIT,1.31,,,,,,,,,,,,,,,,,,,,,7.6,,,,,,3147
Fosforzuur 59%,24-Feb-12,,NL,MAN,LIT,1.42,,,,,,,,,,42.5,,,,,,,,,,,,,,,,,3148
Kalksalpeter vloeibaar,24-Feb-12,,NL,MAN,LIT,1.5,,8.7,,8.7,,,,,,,,,17.5,,,,,,,,,,,,,,3149
Kopersulfaat (pentahydraat),24-Feb-12,,NL,MAN,KG,,,,,,,,,,,,,,,,,0.015,25.4,,,,0.03,,0.013,,,,3150
Phosamco,24-Feb-12,,NL,MAN,LIT,1.172,,8.5,,8.5,,,,,,3.4,6,,,,,,0.1,,0.02,0.003,,0.11,0.06,,,,3151
Super Spoor Maxi Fe 95,24-Feb-12,,NL,MAN,KG,,,,,,,,,,,,,,,,,,,,,,6,,,,,,3152
Tenso Fe 6%,24-Feb-12,,NL,MAN,KG,,,,,,,,,,,,,,,,,,,,,,6,,,,,,3153
Wuxal 8+8+6,24-Feb-12,,NL,MAN,LIT,1.235,,8,,8,,,,,,8,6,,,,,,0.007,,0.01,0.001,0.015,0.013,0.005,,,,3155
Zwavelzuur 44.1%,24-Feb-12,,NL,MAN,LIT,1.35,,,,,,,,,,,,,,35.3,,,,,,,,,,,,,3156
Flex Blad N 18 Mg Ca Mn,24-Feb-12,,NL,MAN,LIT,1.25,,17.7,,,,,,,,0.2,,3.2,4,,,,,,,,,0.4,,,,,3157
NPK 22+8+8 + 3MgO,24-Feb-12,,NL,MAN,KG,,,22,,22,,,,,,8,8,3,,,,,,,,,,,,,,,3158
Aardbeimix,24-Feb-12,,NL,MAN,KG,,,15.4,,,,,,,,14.7,7.2,3.7,,27.1,,,,,,,,,,,,,3159
Preimix chloorarm,24-Feb-12,,NL,MAN,KG,,,20,,,,,,,,,10,4,,13,,,,,,,,,,,,,3160
Fertichel IJzer,24-Feb-12,,NL,MAN,LIT,,,,,,,,,,,,,,,10,,,,,,,5,,,,,,3161
Fertichel Stip,24-Feb-12,,NL,MAN,LIT,1.25,,,,,,,,,,,,,8.4,,,,,,,,,,,,,,3162
Fertichel Zink,24-Feb-12,,NL,MAN,LIT,,,,,,,,,,,,,,,10,,,,,,,,,5,,,,3163
Graszout Geel,24-Feb-12,,NL,MAN,KG,,,,,,,,,,,,,,,,50,57.1,,,,,,,,,,,3164
Thomaskali 11+11+4 MgO,24-Feb-12,,NL,MAN,KG,,,,,,,,,,,11,11,4,,10,,,,,,,,,,,,,3165
EPSO Combitop,24-Feb-12,,NL,MAN,KG,,,,,,,,,,,,,13,,32,,,1,,,,,3,2,,,,3166
Wuxal Suspensie Nr. 3,24-Feb-12,,NL,MAN,LIT,1.6,,10,,,,,,,,,20,2,,,,,0.05,,0.02,0.001,1,0.05,0.05,,,,3167
Wuxal P-Profi,24-Feb-12,,NL,MAN,LIT,1.29,,5,,,,,,,,20,5,,,,,,0.05,,0.02,0.001,0.1,0.05,0.05,,,,3168
Kristalon Blauwmerk,24-Feb-12,,NL,MAN,KG,,,19,,,,,,,,6,20,3,,6.7,,,0.01,,0.025,0.004,0.07,0.04,0.025,,,,3169
Kristalon Geel,24-Feb-12,,NL,MAN,KG,,,13,,,,,,,,40,13,,,0.9,,,0.01,,0.025,0.004,0.07,0.04,0.025,,,,3170
Kristalon Lila,24-Feb-12,,NL,MAN,KG,,,19,,,,,,,,6,6,1,,39.4,,,0.01,,0.025,0.004,0.07,0.04,0.025,,,,3171
Kristalon Oranje,24-Feb-12,,NL,MAN,KG,,,6,,,,,,,,12,36,3,,22,,,0.01,,0.025,0.004,0.07,0.04,0.025,,,,3172
Kristalon Rood,24-Feb-12,,NL,MAN,KG,,,12,,,,,,,,12,36,1,,1.8,,,0.01,,0.025,0.004,0.07,0.04,0.025,,,,3173
Kristalon Speciaal,24-Feb-12,,NL,MAN,KG,,,18,,,,,,,,18,18,3,,5,,,0.01,,0.025,0.004,0.07,0.04,0.025,,,,3174
Kristalon Witloof,24-Feb-12,,NL,MAN,KG,,,15,,,,,,,,5,30,3,,5,,,0.01,,0.025,0.004,,0.04,0.025,,,,3175
Kristalon Witmerk,24-Feb-12,,NL,MAN,KG,,,15,,,,,,,,5,30,3,,5.9,,,0.01,,0.025,0.004,0.07,0.04,0.025,,,,3176
Multi-Cal K,24-Feb-12,,NL,MAN,KG,,,14,,,,,,,,,28,,,,,,,,,,,,,,,,3177
NP 23+7,24-Feb-12,,NL,MAN,KG,,,23,,,,,,,,7,,,,,,,,,,,,,,,,,3178
NP 24+8 + 17.5SO3,24-Feb-12,,NL,MAN,KG,,,24,,,,,,,,8,,,,17.5,,,,,,,,,,,,,3179
NK 17+17 (preimix),24-Feb-12,,NL,MAN,KG,,,17,,,,,,,,,17,,,,,,,,,,,,,,,,3180
NPK 11+15+28 chloorhoudend,24-Feb-12,,NL,MAN,KG,,,11,,,,,,,,15,28,,,,,,,,,,,,,,,,3181
NPK 13+5+17+3MgO+18SO3,24-Feb-12,,NL,MAN,KG,,,13,,,,,,,,5,17,3,,18,,,,,,,,,,,,,3182
NK 15+15 chloorarm,24-Feb-12,,NL,MAN,KG,,,15,,,,,,,,,15,,,,,,,,,,,,,,,,3183
NPK 15+5+16+3MgO+4SO3,24-Feb-12,,NL,MAN,KG,,,15,,,,,,,,5,16,3,,4,,,,,,,,,,,,,3184
NPK 15+5+20+2MgO,24-Feb-12,,NL,MAN,KG,,,15,,,,,,,,5,20,2,,,,,,,,,,,,,,,3185
NPK 17+17+17 chloorhoudend,24-Feb-12,,NL,MAN,KG,,,17,,,,,,,,17,17,,,,,,,,,,,,,,,,3186
NK 17.5+18+3MgO,24-Feb-12,,NL,MAN,KG,,,17.5,,,,,,,,,18,3,,,,,,,,,,,,,,,3187
PK 11+21,24-Feb-12,,NL,MAN,KG,,,,,,,,,,,11,21,,,,,,,,,,,,,,,,3188
PK 13+28,24-Feb-12,,NL,MAN,KG,,,,,,,,,,,13,28,,,,,,,,,,,,,,,,3189
Gafsa zacht natuurfosfaat,24-Feb-12,,NL,MAN,KG,,,,,,,,,,,27,,,37,,,,,,,,,,,,,,3190
Kristalon Grijs,24-Feb-12,,NL,MAN,KG,,,6,,,,,,,,12,36,3,,20,,,0.01,,0.025,0.004,,0.04,0.025,,,,3191
Kristalon Zwart,24-Feb-12,,NL,MAN,KG,,,18,,,,,,,,6,24,2,,4.6,,,0.01,,0.025,0.004,,0.04,0.025,,,,3192
Magnesiumnitraat,24-Feb-12,11-Jun-12,NL,MAN,LIT,1.38,,6.9,,,,,,,,,,8,,,,,,,,,,2.7,,,,,3193
Unika Kali,24-Feb-12,,NL,MAN,KG,,,13,,,,,,,,,45,,,,,,,,,,,,,,,,3194
Fervent Greenleaf,24-Feb-12,11-Jun-12,NL,MAN,LIT,1.29,,6,,,,,,,,,,7.8,,,,,,,,,,1.2,,,,,3195
Mais-Map 27+10 + 0.2B,24-Feb-12,,NL,MAN,KG,,,27,,,,,,,,10,,,,,,,,,0.2,,,,,,,,3197
NPK 15+8+24 chloorhoudend,24-Feb-12,,NL,MAN,KG,,,15,,,,,,,,8,24,,,,,,,,,,,,,,,,3198
NPK 21+7+14,24-Feb-12,,NL,MAN,KG,,,21,,,,,,,,7,14,,,,,,,,,,,,,,,,3199
Kristalon Azur,24-Feb-12,,NL,MAN,KG,,,20,,,,,,,,5,10,3,,25,,,0.01,,0.025,0.004,0.07,0.04,0.025,,,,3200
NPK 14+10+24,24-Feb-12,,NL,MAN,KG,,,14,,,,,,,,10,24,,,,,,,,,,,,,,,,3201
NPK 3+10+30,24-Feb-12,,NL,MAN,KG,,,3,,,,,,,,10,30,,,,,,,,,,,,,,,,3202
Kaliumfosfiet,24-Feb-12,11-Jun-12,NL,MAN,KG,,,,,,,,,,,44,58,,,,,,,,,,,,,,,,3204
ACS Kaliumfosfiet Plus,24-Feb-12,,NL,MAN,LIT,1.4,,3,,,,,,,,27,18,,,,,,,,,,,,,,,,3205
ACS Magnesiumnitraat,24-Feb-12,,NL,MAN,LIT,1.33,,6.8,,,,,,,,,,10,,,,,,,,,,,,,,,3206
ACS Mangaannitraat 235,24-Feb-12,,NL,MAN,LIT,1.56,,7.7,,,,,,,,,,,,,,,,,,,,15,,,,,3207
Agripotash 500,24-Feb-12,,NL,MAN,LIT,1.515,,,,,,,,,,,33,,,,,,,,,,,,,,,,3208
ATS-oplossing,24-Feb-12,,NL,MAN,LIT,1.3,,12,,,,,,,,,,,,26,,,,,,,,,,,,,3209
Caltrac ZB,24-Feb-12,,NL,MAN,LIT,1.724,,,,,,,,,,,,,32.4,,,,,,0.2,,,,1.8,,,,3210
Coptrel Blauw 400,24-Feb-12,,NL,MAN,LIT,1.523,,,,,,,,,,,,,,,,,26.3,,,,,,,,,,3211
Ferritrac 54,24-Feb-12,,NL,MAN,LIT,1.391,,,,,,,,,,,,,,,,,,,,,3.9,,,,,,3212
Manamag,24-Feb-12,,NL,MAN,LIT,1.56,,,,,,,,,,,,23.4,,,,,,,,,,8,0.6,,,,3213
Resistim,24-Feb-12,,NL,MAN,LIT,1.22,,,,,,,,,,14.4,10.9,,,,,,,,,,,,,,,,3214
Zinc-metalosate,24-Feb-12,,NL,MAN,LIT,1.25,,,,,,,,,,,,,,,,,,,,,,,6.8,,,,3215
Zwavel F3000,24-Feb-12,,NL,MAN,LIT,1.321,,,,,,,,,,,,,,25.7,,,,,,,,,,,,,3216
NP 9+14 (Kemira),24-Feb-12,,NL,MAN,KG,,,9,,,,,,,,14,,,,38,,,,,,,,,,,,,3217
Bluesulfaat,24-Feb-12,,NL,MAN,TON,1.21,,80,,,,,,,,,,,,225,,,,,,,,,,,,,3218
Anasol,24-Feb-12,,NL,MAN,TON,1.25,,150,,,,,,,,,,,,100,,,,,,,,,,,,,3219
Nitrosol,24-Feb-12,,NL,MAN,TON,,,150,,,,,,,,,,,,10,,,,,,,,,,,,,3220
Powerstart,24-Feb-12,,NL,MAN,LIT,1.492,,,,,,,,,,44,7.5,6.7,,,,,,,,,,,4.6,,,,3221
NP 26+6 + Zwavel 11SO3,24-Feb-12,,NL,MAN,KG,,,26,,,,,,,,6,,,,11,,,,,,,,,,,,,3222
Fersoil,24-Feb-12,,NL,MAN,LIT,1.31,,,,,,,,,,,,,,,,,,,,,3.2,,,,,,3223
Wortelmix,24-Feb-12,11-Jun-12,NL,MAN,KG,,,3.3,,,,,,,,8.8,24.3,2.8,,,,,,,,,,,,,,,3224
Kemistar,24-Feb-12,,NL,MAN,KG,,,22,,,,,,,,8,,,,5,,,,,,,,,,,,,3225
Ammoniumsulfaat,24-Feb-12,,NL,MAN,KG,,,21,,,,,,,,,,,,,,,,,,,,,,,,,3226
Flex NP 22+8 Zn B,24-Feb-12,,NL,MAN,LIT,1.25,,21.8,,,,,,,,7.8,,,,2,,,,,0.5,,,,0.3,,,,3227
Masterkali,24-Feb-12,,NL,MAN,KG,,,16,,,,,,,,,20,2,,,,,,,,,,,,,,,3229
Gips,24-Feb-12,11-Jun-12,NL,MAN,KG,,,11,,,,,,,,,,16,,,,,,,,,,,,,,,3231
Tuba,24-Feb-12,,NL,KLK,KG,,,,,,,,,,,,,,30,45,,,,,,,,,,,,,3232
Tuba Plus,24-Feb-12,,NL,MAN,LIT,1.2,,,,,,,,,,14.4,10.9,,,,,,,,,,,,,,,,3233
Profikali,24-Feb-12,,NL,MAN,LIT,1.2,,6.3,,,,,,,,9.6,8.3,,,,,,,,,,,,,,,,3234
PPL,24-Feb-12,,NL,MOR,KG,,,15,,,,,,,,,22,,,,,,,,,,,,,,,,3235
PPL-plus,24-Feb-12,,NL,MOR,TON,,,25,5,20,,,,,,13,75,,,20,,5,,,,,,,,,,,3236
NatuC,24-Feb-12,,NL,MOR,TON,,,13,4,9,,,,,,7,150,,,160,,5,,,,,,,,,,,3237
Kalimix,24-Feb-12,,NL,MOR,TON,1.82,,15,10,5,,,,,,10,240,1.5,,300,,,,,,,,,,,,,3238
NPK 12+6+18 + 3MgO,24-Feb-12,,NL,MAN,KG,,,12,,,,,,,,6,18,3,,,,,,,,,,,,,,,3239
NPK 14+12+24,24-Feb-12,11-Jun-12,NL,MAN,KG,,,14,,,,,,,,12,24,,,,,,,,,,,,,,,,3240
NPK 13+4+26,24-Feb-12,,NL,MAN,KG,,,13,,,,,,,,4,26,,,,,,,,,,,,,,,,3241
NPK 13+10+23 + 6SO3,24-Feb-12,,NL,MAN,KG,,,13,,,,,,,,10,23,,,6,,,,,,,,,,,,,3242
Maisbooster,24-Feb-12,,NL,MAN,LIT,,,14,,,,,,,,29,,,,,,,,,,,,,6,,,,3243
Perlka,24-Feb-12,,NL,MAN,KG,,,20,,,,,,,,,,,55,,,,,,,,,,,,,,3244
NK 9+36 chloorarm,24-Feb-12,,NL,MAN,KG,,,9,,,,,,,,,36,,,,,,,,,,,,,,,,3245
NP 26+4,24-Feb-12,,NL,MAN,KG,,,26,,,,,,,,4,,,,,,,,,,,,,,,,,3246
Algospeed 5+23+36,24-Feb-12,,NL,MAN,KG,,,5,,,,,,,,23,36,3,,,,,0.002,,0.01,0.001,0.07,0.01,0.002,,,,3248
Algospeed Flo 15+15+15,24-Feb-12,,NL,MAN,LIT,1.5,,15,,,,,,,,15,15,2,6,,,,0.002,,0.01,0.001,0.07,0.01,0.002,,,,3249
Humifirst,24-Feb-12,,NL,MAN,LIT,,,16,,,,,,,,11,,,,,,,,,,,,,,,,,3250
Power Basic 20+10+0+7 SO3,24-Feb-12,,NL,MAN,LIT,,,20,,,,,,,,10,,,,7,,,,,,,,,,,,,3251
Ureum oplossing 40%,24-Feb-12,,NL,MAN,LIT,1.95,,40,,,,,,,,,,,,,,,,,,,,,,,,,3252
Ijzersulfaat,24-Feb-12,,NL,MAN,KG,,,,,,,,,,,,,,,,,,,,,,19.7,,,,,,3253
Flex Pootgoed NP 12+16 S B Zn,24-Feb-12,,NL,MAN,LIT,1.24,,11.7,,,,,,,,15.7,,,,2,,,,,0.4,,,,0.3,,,,3254
NPK 14+7+20,24-Feb-12,,NL,MAN,KG,,,14,,,,,,,,7,20,,,,,,,,,,,,,,,,3255
Spruitenmix 15+0+20 + 3MgO + 7,24-Feb-12,,NL,MAN,KG,,,15,,,,,,,,,20,3,,7,,,,,,,,,,,,,3256
Florisan,24-Feb-12,,NL,MAN,LIT,,,,,,,,,,,,,,,,,,,,,,,,,,,,3257
Magnum HF,24-Feb-12,,NL,MAN,LIT,1.5,,20,,,,,,,,,15,4,,,,,0.05,,0.02,0.001,0.1,0.05,0.05,,,,3258
Calvin HF,24-Feb-12,,NL,MAN,LIT,1.4,,10,,,,,,,,,,2,15,,,,,,0.03,,,0.4,0.01,,,,3259
Top Trace Magnesiumnitraat,24-Feb-12,11-Jun-12,NL,MAN,LIT,1.35,,6.9,,,,,,,,,,8,,,,,,,,,,2.9,,,,,3260
Total Care,24-Feb-12,,NL,MAN,LIT,1.21,,9.3,,,,,,,,0.9,1.9,1.9,,,,,,,,,,0.9,,,,,3261
Pre-Tect,24-Feb-12,,NL,MAN,KG,,,,,,,,,,,,,,,,,,0.5,,,,10,2,2,,,,3262
NP 27+4 + 10SO3,24-Feb-12,,NL,MAN,KG,,,27,,,,,,,,4,,,,10,,,,,,,,,,,,,3263
Flex Biet NP 18+1 Na B,24-Feb-12,,NL,MAN,LIT,1.2,,18,,,,,,,,1.3,,,,,5.25,,,,0.88,,,,,,,,3264
Flex Biet NP 16+7 Na B,24-Feb-12,,NL,MAN,LIT,1.21,,15.7,,,,,,,,6.7,,,,0.7,4,,,,0.1,,,,,,,,3265
Flex Maïs NP 18+14 B Zn,24-Feb-12,,NL,MAN,LIT,1.24,,17.7,,,,,,,,13.7,,,,0.9,,,,,0.2,,,,0.2,,,,3266
Flex Pootgoed NP 7+18 B S Zn,24-Feb-12,,NL,MAN,LIT,1.25,,7.8,,,,,,,,17.7,,,,1.6,,,,,0.5,,,,0.4,,,,3267
Flex Maïs NP 22+5 B,24-Feb-12,,NL,MAN,LIT,1.25,,21.8,,,,,,,,4.8,,,,1.5,,,,,0.3,,,,,,,,3268
Flex Kool NP 22+5 B Mg,24-Feb-12,,NL,MAN,LIT,1.26,,21.7,,,,,,,,4.7,,1.2,,3.5,,,,,0.5,,,,,,,,3269
Foliarel N-Plus,24-Feb-12,,NL,MAN,LIT,1.25,,28,,,,,,,,,,,,,,,,,,,,,,,,,3270
NPK 13.5+10+21,24-Feb-12,,NL,MAN,KG,,,13.5,,,,,,,,10,21,,,,,,,,,,,,,,,,3271
NK Mix 14+0+27,24-Feb-12,,NL,MAN,KG,,,14,,,,,,,,,27,,,,,,,,,,,,,,,,3272
Power Start Food,24-Feb-12,,NL,MAN,LIT,1.49,,,,,,,,,,29.5,5,,,,,,,,,,,,,,,,3274
Power Start Feed,24-Feb-12,,NL,MAN,LIT,,,10.4,,,,,,,,21.5,,,,,,,,,,,,,,,,,3275
Power Basic 11+31+ 6 SO3,24-Feb-12,,NL,MAN,LIT,,,11,,,,,,,,31,,,,6,,,,,,,,,,,,,3276
Power Basic 13+20+10 SO3,24-Feb-12,,NL,MAN,LIT,,,13,,,,,,,,20,,,,10,,,,,,,,,,,,,3277
Power Basic 20+6 SO3,24-Feb-12,,NL,MAN,LIT,,,20,,,,,,,,,,,,6,,,,,,,,,,,,,3278
Power Basic 26+6 SO3,24-Feb-12,,NL,MAN,LIT,,,26,,,,,,,,,,,,6,,,,,,,,,,,,,3279
Power Basic 24+2+4.3 SO3,24-Feb-12,,NL,MAN,LIT,,,24,,,,,,,,2,,,,4.3,,,,,,,,,,,,,3280
Power Basic 24+7.7 SO3,24-Feb-12,,NL,MAN,LIT,,,24,,,,,,,,,,,,7.7,,,,,,,,,,,,,3281
Power Basic 20+5+10 SO3,24-Feb-12,,NL,MAN,LIT,,,20,,,,,,,,5,,,,10,,,,,,,,,,,,,3282
Power Basic 22+6+6 SO3,24-Feb-12,,NL,MAN,LIT,,,22,,,,,,,,6,,,,5,,,,,,,,,,,,,3283
Power Basic 21+2.5 SO3,24-Feb-12,,NL,MAN,LIT,,,21,,,,,,,,,,,,2.5,,,,,,,,,,,,,3284
Power Leaf Mangaan Magnesium N,24-Feb-12,,NL,MAN,LIT,,,7.8,,,,,,,,,,,,,,,,,,,,,,,,,3285
Power Leaf Quattro Plus,24-Feb-12,,NL,MAN,LIT,,,18,,,,,,,,,,,,10,,,,,,,,,,,,,3286
Power Leaf Trio Plus,24-Feb-12,,NL,MAN,LIT,,,18,,,,,,,,,,,,6.1,,,,,,,,,,,,,3287
Vercal Extra,24-Feb-12,,NL,MAN,LIT,1.25,,12,,,,,,,,,,2.4,18,,,,,,,,,,,,,,3288
DCM Bloedmeel,24-Feb-12,,NL,MOR,KG,,,13,13,,,,,,,,,,,,,,,,,,,,,,,,3289
Bloedmeel N13,24-Feb-12,,NL,MOR,KG,,,12,9.6,2.4,,,,,,,,,,,,,,,,,,,,,,,3290
Culterra Verrijkte Koemest,24-Feb-12,,NL,MOR,KG,0.65,,7,,,,,,,,3,4,1.05,5,3.8,,0.7,,,,,,,,,,,3296
D.P.F.,24-Feb-12,,NL,MOR,TON,1.2,,10,9.9,0.1,,,,,,0.5,115,0.1,,20,,,,,,,,,,,,,3298
GFT-landbouwcompost (RET),,,NL,MOR,TON,,,10,9,1,,,,,,4.5,7.3,2.4,17,,,,0.0265,,,,,,0.1081,,,,3299
Groencompost,24-Feb-12,,NL,MOR,TON,,,1.8,1.8,,,,,,,0.2,1.2,,,,,,,,,,,,0.04,,,,3300
Schorscompost,24-Feb-12,,NL,MOR,TON,,,2,2,,,,,,,0.2,0.4,0.3,,,0.2,,,,,,,,,,,,3301
Heidecompost,24-Feb-12,,NL,MOR,TON,,,4,4,,,,,,,0.41,,,,,,,,,,,,,0.016,,,,3302
Veen,24-Feb-12,,NL,MOR,TON,,,8.5,7.5,1,,,,,,4.5,8,2.5,10,,,,0.03,,,,,,0.1,,,,3303
Biocal Solid,24-Feb-12,,NL,MOR,TON,,,9.37,8.43,0.94,,,,,,18.73,1.52,,,,,,0.0102,,,,,,0.0462,,,,3304
Org-e-vit,24-Feb-12,,NL,MOR,KG,,,4,3.6,0.4,,,,,,2.5,2.3,1.1,9.3,,,,,,,,,,,,,,3305
Fertor,24-Feb-12,,NL,MOR,KG,,,4.5,4.1,0.4,,,,,,2.7,2.3,1.1,9.3,,,,,,,,,,,,,,3306
Radovit,24-Feb-12,,NL,MOR,KG,,,4.7,3.9,0.8,,,,,,2.5,3,1,3,,,,,,,,,,,,,,3307
Activit,24-Feb-12,,NL,MOR,KG,,,3.6,3.24,0.36,,,,,,2.8,2.2,1.5,2,,,,,,,,,,,,,,3308
Fertiplus-P,24-Feb-12,,NL,MOR,KG,,,4,3.6,0.4,,,,,,10,2,0.5,14,0.5,0.4,0.4,,,,,,,,,,,3309
Fertiplus-K,24-Feb-12,,NL,MOR,KG,,,4,3.6,0.4,,,,,,2,10,0.5,9,29,14,4,,,,,,,,,,,3310
Fertiplus,24-Feb-12,,NL,MOR,KG,,,4.3,3.9,0.4,,,,,,3.2,3.2,1,2.1,,0.5,0.5,,,,,,,,,,,3311
Terra-vit,24-Feb-12,,NL,MOR,KG,,,2.5,2.2,0.3,,,,,,1.8,1.8,0.6,3,,,,,,,,,,,,,,3312
Siforga-Balans,24-Feb-12,,NL,MOR,KG,,,4,3.6,0.4,,,,,,4,4,1.1,9.3,,,,,,,,,,,,,,3313
Siforga-N,24-Feb-12,,NL,MOR,KG,,,7,6,1,,,,,,4,4,,,,,,,,,,,,,,,,3314
Siforga-K,24-Feb-12,,NL,MOR,KG,,,5,4.6,0.4,,,,,,3,8,0.8,9.1,,,,,,,,,,,,,,3315
Monterra-N+,24-Feb-12,,NL,MOR,KG,,,13,11.5,1.5,,,,,,,0.5,,,,,,,,,,,,,,,,3316
Beendermeel,24-Feb-12,,NL,MOR,KG,,,6,0.4,,,,,,,16,,,,,,,,,,,,,,,,,3317
Guano,24-Feb-12,,NL,MOR,KG,,,14,9.8,,,,,,,11,3,0.4,12,,,,,,,,,,,,,,3318
Verenmeel,24-Feb-12,,NL,MOR,KG,,,14,,,,,,,,,,,,,,,,,,,,,,,,,3319
DCM Mix 1,24-Feb-12,,NL,MOR,KG,,,6,4,2,,,,,,7,8,,,,,,,,,,,,,,,,3320
DCM Mix 5,24-Feb-12,,NL,MOR,KG,,,10,4.5,5.5,,,,,,4,8,3,,,,,,,,,,,,,,,3322
DCM Mix 6,24-Feb-12,,NL,MOR,KG,,,6,3.5,2.5,,,,,,3,18,3,,,,,,,,,,,,,,,3323
DCM ECO-Mix 1,24-Feb-12,,NL,MOR,KG,,,9,9,,,,,,,3,3,,,,,,,,,,,,,,,,3324
Haspargit,24-Feb-12,,NL,MOR,KG,,,,,,,,,,,3,21,7,21,,,,,,,,,,,,,,3325
Nutricel,24-Feb-12,,NL,MOR,TON,1.5,,6,4.5,1.5,,,,,,2,25,0.2,,2.5,,,,,,,,,,,,,3326
Cerecal Solid,24-Feb-12,,NL,MOR,TON,,,5.1,,,,,,,,12.4,0.6,2.8,,,,,,,,,,,,,,,3328
Bavacal Solid,24-Feb-12,,NL,MOR,TON,,,8.2,,,,,,,,8.4,1.5,3.1,,,,,,,,,,,,,,,3329
Biopost,24-Feb-12,,NL,MOR,TON,,,9.2,8.8,0.4,,,,,,3.6,8.3,2.2,,4,,,,,,,,,79,,,,3331
Trobas Solid,24-Feb-12,,NL,MOR,TON,,,11.6,10.8,0.8,,,,,,3.7,2,0.4,,,,,,,,,,,,,,,3332
Zeer schone compost,24-Feb-12,,NL,MOR,TON,,,10,9,1,,,,,,4.5,7.3,2.4,17,,,,0.0265,,,,,,0.1081,,,,3333
Kalvergier (bewerkt),24-Feb-12,,NL,MOR,TON,1.3,,3.2,0.1611,3.0389,,,,,,6.8,6.8,0.2,,0.8,1,,,,,,,,,,,,3334
Geiten drijfmest (60),24-Feb-12,,NL,MOR,TON,0.8,,8.8,4.49,4.31,,,,,,4.1,10.6,3.5,,0.24,1.9,,,,,,,,,,,,3335
Ezels vaste mest,24-Feb-12,,NL,MOR,TON,0.7,,5,4,1,,,,,,3,5.5,1.8,,,,,,,,,,,,,,,3336
Damherten vaste mest,24-Feb-12,,NL,MOR,TON,0.7,,7.1,5.68,1.42,,,,,,5.3,5.5,1.8,,,,,,,,,,,,,,,3337
Struisvogels vaste mest,24-Feb-12,,NL,MOR,TON,0.535,,23.1,17.0976,6.0024,,,,,,18.7,17.1,6.3,,3.8,7.3,,,,,,,,,,,,3338
Edelherten vaste mest,24-Feb-12,,NL,MOR,TON,0.7,,7.1,5.68,1.42,,,,,,5.3,5.5,1.8,,,,,,,,,,,,,,,3339
Waterbuffel drijfmest,24-Feb-12,,NL,MOR,TON,,,4.5,0.8,3.7,,,,,,1.9,4.9,1.3,,0.72,,,,,,,,,,,,,3340
Waterbuffel vaste fmest,24-Feb-12,,NL,MOR,TON,,,4.5,0.8,3.7,,,,,,1.9,4.9,1.3,,0.72,,,,,,,,,,,,,3341
Ganzen vaste mest (Knobbelgans,24-Feb-12,,NL,MOR,TON,0.9,,8.9,6.5736,2.3264,,,,,,8.1,7,1.6,,3.8,0.8,,,,,,,,,,,,3342
Ganzen vaste mest (Grauwe gans,24-Feb-12,,NL,MOR,TON,0.9,,8.9,6.5736,2.3264,,,,,,8.1,7,1.6,,3.8,0.8,,,,,,,,,,,,3343
Fazantenmest,24-Feb-12,,NL,MOR,TON,0.6,,32.6,29.34,3.26,,,,,,17.7,18.5,4.8,,2.2,1,,,,,,,,,,,,3344
Patrijzenmest,24-Feb-12,,NL,MOR,TON,0.6,,32.6,29.34,3.26,,,,,,17.7,18.5,4.8,,2.2,1,,,,,,,,,,,,3345
Emoemest,24-Feb-12,,NL,MOR,TON,0.65,,23.1,21,2.1,,,,,,18.7,15.45,4.9,,2.4,1.5,,,,,,,,,,,,3346
Nandoemest,24-Feb-12,,NL,MOR,TON,0.65,,23.1,21,2.1,,,,,,18.7,15.45,4.9,,2.4,1.5,,,,,,,,,,,,3347
Vleesduivenmest,24-Feb-12,,NL,MOR,TON,0.65,,23.1,21,2.1,,,,,,18.7,15.45,4.9,,2.4,1.5,,,,,,,,,,,,3348
Bruine rattenmest,24-Feb-12,,NL,MOR,TON,0.6,,11.9,9.0425,2.8575,,,,,,11.7,11,5.7,,0.24,2.2,,,,,,,,,,,,3349
Tamme muizenmest,24-Feb-12,,NL,MOR,TON,0.6,,11.9,9.0425,2.8575,,,,,,11.7,11,5.7,,0.24,2.2,,,,,,,,,,,,3350
Caviamest,24-Feb-12,,NL,MOR,TON,0.6,,11.9,9.0425,2.8575,,,,,,11.7,11,5.7,,0.24,2.2,,,,,,,,,,,,3351
Goudhamstermest,24-Feb-12,,NL,MOR,TON,0.6,,11.9,9.0425,2.8575,,,,,,11.7,11,5.7,,0.24,2.2,,,,,,,,,,,,3352
Gerbilmest,24-Feb-12,,NL,MOR,TON,0.6,,11.9,9.0425,2.8575,,,,,,11.7,11,5.7,,0.24,2.2,,,,,,,,,,,,3353
DCM Vivikali,24-Feb-12,,NL,MOR,KG,,,2,2,,,,,,,,20,,,,,,,,,,,,,,,,3354
TopTrace Inca,24-Feb-12,,NL,MAN,LIT,1.3,,4.8,,,,,,,,,,,5,,,,,,,,,,1,,,,3355
Plonuran,24-Feb-12,,NL,MAN,LIT,1.34,,,,,,,,,,,,,,,,,22.4,,,,,,,,,,3356
N-Eco 18,24-Feb-12,,NL,MAN,LIT,,,18,,,,,,,,,,,,,,,,,,,,,,,,,3357
Novurea,24-Feb-12,,NL,MAN,KG,,,46,,,,,,,,,,,,,,,,,,,,,,,,,3358
Novurea + S,24-Feb-12,,NL,MAN,KG,,,38.5,,,,,,,,,,,,18,,,,,,,,,,,,,3359
Turbo (Ammoniumsulfaat),24-Feb-12,,NL,MAN,KG,,,21,,,,,,,,,,,,,,,,,,,,,,,,,3360
Fertraat,24-Feb-12,11-Jun-12,NL,MOR,TON,1.2,,7.5,0.5,7,,,,,,0.1,11,,,,,,,,,,,,,,,,3361
Masterbietenzout,24-Feb-12,11-Jun-12,NL,MAN,KG,,,,,,,,,,,,,,,,50,,,,0.2,,,,,,,,3362
NK 16-32,24-Feb-12,,NL,MAN,KG,,,16,,,,,,,,,32,,,,,,,,,,,,,,,,3363
Sulfammo 18,24-Feb-12,,NL,MAN,KG,,,18,,,,,,,,,18,1,,6,,,,,,,,,,,,,3364
Sulfammo 20,24-Feb-12,,NL,MAN,KG,,,20,,,,,,,,,,3,,35,,,,,,,,,,,,,3365
Sulfammo 26,24-Feb-12,,NL,MAN,KG,,,26,,,,,,,,,,3,,28,,,,,,,,,,,,,3366
NK 16-30,24-Feb-12,,NL,MAN,KG,,,16,,,,,,,,,30,,,,,,,,,,,,,,,,3367
Physiostart,24-Feb-12,,NL,MAN,KG,,,8,,,,,,,,28,,,,23,,,,,,,,,2,,,,3368
NPK    10-10-28,24-Feb-12,,NL,MAN,KG,,,10,,,,,,,,10,28,,,,,,,,,,,,,,,,3369
NP 10-34 vloeibaar,24-Feb-12,,NL,MAN,LIT,1.4,,10,,,,,,,,34,,,,,,,,,,,,,,,,,3371
Top Trace Total N,24-Feb-12,,NL,MAN,LIT,1.13,,17.4,,,,,,,,,,0.8,,,,,,,,,,0.3,,,,,3372
Bladkali TS,24-Feb-12,,NL,MAN,LIT,1.2,,,,,,,,,,,25,,,42,,,,,,,,,,,,,3373
Kali-50,24-Feb-12,,NL,MAN,KG,,,,,,,,,,,,41.6,,,,,,,,,,,,,,,,3374
Wuxal suspensie (combi Mg),24-Feb-12,,NL,MAN,LIT,1.5,,20,,,,,,,,,15,4,,,,,0.05,,0.02,0.001,0.1,0.05,0.05,,,,3375
NP 20-11,24-Feb-12,,NL,MAN,KG,,,20,,,,,,,,11,,,,,,,,,,,,,,,,,3376
Flex 1345 Bloembol NPK 19+8+1,24-Feb-12,,NL,MAN,LIT,1.2,,19,,,,,,,,8,1,,,,,,,,,,,,,,,,3377
Flex 1278 Tulp NPK 16+10+1,24-Feb-12,,NL,MAN,LIT,1.17,,15.7,,,,,,,,9.7,1,1.2,,4.4,,,0.2,,,,,0.7,0.4,,,,3378
Flex 1416 Kool NPK 22-+2+1,24-Feb-12,,NL,MAN,LIT,1.2,,21.7,,,,,,,,2,1,,,,,,,,,,,,,,,,3379
Flex 1255 Blad N 18,24-Feb-12,,NL,MAN,LIT,1.2,,17.7,,,,,,,,0.2,,1.5,6.6,,,,,,,,,0.3,,,,,3380
Flex 1280 Lelie NP 17+9,24-Feb-12,,NL,MAN,LIT,1.21,,16.7,,,,,,,,8.6,,1.2,,1.1,,,,,,,,0.3,,,,,3381
GS Growsol Ammoniumsulfaat,24-Feb-12,,NL,MAN,KG,1.2,,3.33,,,,,,,,,,,,8.33,,,,,,,,,,,,,3382
Xurian Optimum,24-Feb-12,,NL,MAN,KG,,,,,,,,,,,,,,,,,,,,5,,,,0.8,,,,3383
PRP Sol,24-Feb-12,,NL,KLK,KG,,,,,,,,,,,,,8,35,,,,,,,,,,,,,,3384
Digestaat Betafert (dikke fractie),15-Apr-12,,NL,MOR,TON,,,4.5,1,3.5,,,,,,2.5,4.5,0.5,,,,,,,,,,,,,,,3385
Digestaat Betafert (dunne fractie),15-Apr-12,,NL,MOR,TON,,,8,4,4,,,,,,7,5.5,1.8,,,,,,,,,,,,,,,3386
Masterkali 13-0-25,10-Oct-12,,NL,MAN,KG,,,13,,,,,,,,,28,2,1.6,23,,,,,,,,,,,,,3387
Step Hi-mag,10-Oct-12,,NL,MAN,KG,,,,,,,,,,,,,19.9,,19.7,,,0.5,,,,8,3,1,,,,3388
Nutrisphere,10-Oct-12,,NL,MAN,KG,,,46,,46,,,,,,,,,,,,,,,,,,,,,,,3389
Jett,10-Oct-12,,NL,MAN,LIT,,,,,,,,,,,,,23.5,,,,,,,,,,,,,,,3390
Vegetal+,10-Oct-12,,NL,MAN,LIT,,,11.5,,,,,,,,7.6,5.7,,,,,,,,,,,,,,,,3391
Mag500,10-Oct-12,,NL,MAN,LIT,,,,,,,,,,,,,50,,,,,,,,,,,,,,,3392
Spirit,10-Oct-12,,NL,MAN,LIT,,,8,,,,,,,,,,5.3,,26,,,,,,,,19.5,,,,,3393
Efficien-n-t-28,10-Oct-12,,NL,MAN,LIT,1.25,,28,,,,,,,,,,,,,,,,,,,,,,,,,3394
Humostart,10-Oct-12,,NL,MAN,KG,,,11,,,,,,,,50,,,,,,,,,,,,,1,,,,3395
Alloy-Basis,10-Oct-12,,NL,MAN,KG,,,,,,,,,,,,,16.9,29.6,,0.15,,2.7,0.001,0.04,0.004,0.18,0.16,,,,,3396
Alloy-Mangaan Speciaal,10-Oct-12,,NL,MAN,KG,,,,,,,,,,,,,15,26.9,,,,,,,,1.7,10,,,,,3397
Betafert,10-Oct-12,,NL,MOR,TON,,,3.9,0.9,3,,,,,,1.1,3.5,,,,,,,,,,,,,,,,3400
DCM Mix 2,,,NL,MAN,KG,,,7,,,,,,,,6,12,4,,,,,,,,,,,,,,,3321
Magnitra,,,NL,MAN,LIT,1.35,,7,,,,,,,,,,10,,,,,,,,,,,,,,,3370
Mangaan-/Magnesiumnitraat,,,NL,MAN,LIT,,,7.8,,,,,,,,,,10,,,,,,,,,,1.6,,,,,3193
Kaliumfosfiet,,,NL,MAN,LIT,1.41,,,,,,,,,,30,20,,,,,,,,,,,,,,,,3204
NPK 14+12+24,,,NL,MAN,KG,,,14,,,,,,,,12,24,,,,,,,,,,,,,,,,3240
Top Trace Mg/Mn,,,NL,MAN,LIT,,,6.9,,,,,,,,,,8,,,,,,,,,,2.7,,,,,3260
Vivifos (DCM),,,NL,MAN,KG,,,4,,,,,,,,30,,,,,,,,,,,,,,,,,3429
NK Mix 15+31,,,NL,MAN,KG,,,15,,,,,,,,,31,,,,,,,,,,,,,,,,3273
Bietenmix,,,NL,MAN,KG,,,15.5,,,,,,,,,,1.4,0.2,6.3,18.5,,,,,,,,,,,,2188
Topmix (18+0+18),,,NL,MAN,KG,,,18,,,,,,,,,18,,,,,,,,,,,,,,,,2189
Orgaplus Sierteelt,,,NL,MAN,KG,,,3,,,,,,,,3,3,0.95,10,3.5,,,6.4,,2.7,,8.2,27.9,22,,,,3398
Orgaplus Bloembollen,,,NL,MAN,KG,,,3,,,,,,,,3,3,0.95,10,3.5,,,6.4,,2.7,,8.2,27.9,22,,,,3399
Foliplus Borium,,,NL,MAN,LIT,1.36,,,,,,,,,,,,,,,,,,,11,,,,,,,,3401
Foliplus Duo Ca+Mg,,,NL,MAN,LIT,1.46,,8.3,,,,,,,,,,2.5,9.05,,,,,,,,,,,,,,3402
Foliplus Duo Ca+B,,,NL,MAN,LIT,1.44,,,,,,,,,,,,,11.8,,,,,,6.95,,,,,,,,3403
Foliplus Koper,,,NL,MAN,LIT,1.35,,,,,,,,,,,,,,,,,25,,,,,,,,,,3404
Foliplus Magnesium,,,NL,MAN,LIT,1.35,,7.05,,,,,,,,,,10,,,,,,,,,,,,,,,3405
Foliplus Magnesiumnitraat,,,NL,MAN,LIT,1.48,,6.75,,,,,,,,,,13.5,,,,,,,,,,,,,,,3406
Foliplus Duo Mn+Mg,,,NL,MAN,LIT,1.46,,6.5,,,,,,,,,,7.4,,,,,,,,,,2.75,,,,,3407
Foliplus Kali,,,NL,MAN,LIT,1.5,,3,,,,,,,,,33,,,,,,,,,,,,,,,,3408
Foliplus Protein,,,NL,MAN,LIT,1.31,,21,,,,,,,,,,3,,8,,,,,,,,,,,,,3409
Foliplus Total N,,,NL,MAN,LIT,1.13,,17.4,,,,,,,,,,,,,,,,,,,,,,,,,3410
Foliplus Amino NPK,,,NL,MAN,LIT,1.38,,14.5,,,,,,,,14.5,14.5,,,,,,,,,,,,,,,,3411
Top Trace Efficiency N,,,NL,MAN,LIT,1.18,,18.4,,,,,,,,,,,,,,,,,,,,,,,,,3412
Foliplus Mangaancarbonaat,,,NL,MAN,LIT,1.49,,,,,,,,,,,,,,,,,,,,,,26,,,,,3413
NP 20+8 + 6MgO + 12SO3,,,NL,MAN,KG,,,20,,,,,,,,8,,6,,12,,,,,,,,,,,,,3414
Power Start 13+14 + 7 SO3,,,NL,MAN,LIT,,,13,,,,,,,,14,,,,7,,,,,,,,,,,,,3415
Power Leaf Kali PlusS,,,NL,MAN,LIT,,,,,,,,,,,,25,,,42,,,,,,,,,,,,,3416
Foliplus Mangaannitraat,,,NL,MAN,LIT,1.4,,7.1,,,,,,,,,,,,,,,,,,,,14.2,,,,,3417
CuForte,,,NL,MAN,LIT,1.53,,,,,,,,,,,,,,,,,25,,,,,,,,,,3418
HF Koper 435,,,NL,MAN,LIT,1.33,,,,,,,,,,,,,,,,,33,,,,,,,,,,3419
Aardappel-Optimaal,,,NL,MAN,KG,,,20,,,,,,,,8,,6,,12,,,,,,,,,,,,,3420
Aardappelmix,,,NL,MAN,KG,,,13,,,,,,,,,15.5,6,,21,,,,,,,,,,,,,3421
Activ'N 13-0-17,,,NL,MAN,KG,,,13,,,,,,,,,17,3,3,25,,,,,,,,,,,,,3422
K-Algo 29,,,NL,MAN,KG,,,,,,,,,,,,29,10,9,10,,,,,,,,,,,,,3423
PhysiomaG,,,NL,KLK,KG,,,,,,,,,,,,,11,34,,,,,,,,,,,,,,3424
Activ'N 13-5-17,,,NL,MAN,KG,,,13,,,,,,,,5,17,3,4,20,,,,,,,,,,,,,3425
Foliplus Calcium Xtra,,,NL,MAN,LIT,1.4,,8,,,,,,,,,,,14,,,,,,,,,,,,,,3426
PRP Evb,,,NL,MAN,LIT,1.1,,,,,,,,,,,3.5,,,,,,0.02,,,,,,,,,,3427
FytoFert-S,,,NL,MAN,LIT,1.4,,,,,,,,,,,,,,25,,,,,,,,,,,,,3428
Vivifos (DCM),,,NL,MOR,KG,,,4,2,2,,,,,,30,,,,,,,,,,,,,,,,,3429
Quickstart PK,,,NL,MAN,LIT,1.4,,,,,,,,,,25,13,,,,,,,,,,,,,,,,3431
Quickstart NP,,,NL,MAN,LIT,1.27,,14,,,,,,,,20,,,,,,,,,,,,,,,,,3432
N-xt FertiPhos,,,NL,MAN,LIT,1.21,,6,,,,,,,,21,,,,1.2,,,,,,,,,,,,,3433
KaliZwavel HF,,,NL,MAN,LIT,1.47,,,,,,,,,,,24,,,43,,,,,,,,,,,,,3434
Top Trace Total K,,,NL,MAN,LIT,1.15,,7,,,,,,,,,10,,,,,,0.023,,0.012,,,0.07,,,,,3435
Krypton,,,NL,MAN,LIT,1.26,,28,,,,,,,,,,,,,,,,,,,,,,,,,3436
Crop Fuel,,,NL,MAN,LIT,1.35,,2.5,,,,,,,,13.5,13.5,0.025,,0.15,,,0.005,,0.12,,,0.14,0.045,,,,3437
Hydrokalk,,,NL,KLK,KG,,,,,,,,,,,,,4,,,,,,,,,,,,,,,3438
Aspergemix,,,NL,MAN,KG,,,,,,,,,,,,,5,,10,40,,,,,,,,,,,,3439
Calcifert S,,,NL,KLK,KG,,,,,,,,,,,,,,46,55,,,,,,,,,,,,,3440
APP 11-37,,,NL,MAN,LIT,1.43,,11,,,,,,,,37,,,,,,,,,,,,,,,,,3441
APP 10-34,,,NL,MAN,LIT,1.38,,10,,,,,,,,34,,,,,,,,,,,,,,,,,3442
Top Mix Pootgoed,,,NL,MAN,KG,,,12.6,,,,,,,,21.6,,5.4,10.8,20.1,,,,,,,,,,,,,3443
Top Trace Zwavel 600 SC,,,NL,MAN,KG,,,,,,,,,,,,,,,,,,,,,,,,,,,,3444
Foliplus Zwavel,,,NL,MAN,LIT,,,4.2,,,,,,,,,,3.2,,100,,,0.6,,,,,,,,,,3445
Zink Fl,,,NL,MAN,LIT,1.74,,,,,,,,,,,,,,,,,,,,,,,40.2,,,,3446
Polysulphate,,,NL,MAN,LIT,1.8,,,,,,,,,,,14,6,17,48,4,5,,,,,,,,,,,3447
Pootaardappel Blend 12-0-31,,,NL,MAN,KG,,,12,,,,,,,,,31,,,,,,,,,,,,,,,,3449
Uien Blend 15-8-21,,,NL,MAN,KG,,,15,,,,,,,,8,22,,,,,,,,,,,,,,,,3450
P-Focus,,,NL,MAN,LIT,1.28,,10,,,,,,,,18,4,,,1,,,,,,,,0.5,0.5,,,,3451
NPK 12-0-22,,,NL,MAN,KG,,,12,,,,,,,,,22,,,,,,,,,,,,,,,,3452
Power Basic 140 22+0+0 + 10 SO3,,,NL,MAN,KG,,,22,,,,,,,,,,,,10,,,,,,,,,,,,,3448
Powerstart 470 Granulaat,,,NL,MAN,KG,,,12,,,,,,,,43,,,,11,,,,,,,,,0.7,,,,3453
Salpeterzuur,,,NL,MAN,LIT,1.32,,8.4,,,,,,,,,,,,,,,,,,,,,,,,,3454
ACS Magnesiumfosfiet Plus,,,NL,MAN,LIT,1.36,,9.8,,,,,,,,26,,7,,,,,,,,,,,,,,,3455
Kali TS 340,,,NL,MAN,LIT,1.5,,2.9,,,,,,,,,22.7,,,38.5,,,,,,,,,,,,,3456
Brassitrel Pro,,,NL,MAN,LIT,1.54,,4.5,,,,,,,,,,7.7,8.1,,,,,,3.9,0.3,,4.5,,,,,3457
Gramitrel,,,NL,MAN,LIT,1.64,,3.9,,,,,,,,,,15.2,,,,,3,,,,,9.1,4.8,,,,3458
Thiotrac 300,,,NL,MAN,LIT,1.32,,15.2,,,,,,,,,,,,56.8,,,,,,,,,,,,,3459
Stimplex,,,NL,MAN,LIT,1.12,,0.5,,,,,,,,2.5,3,,,0.2,,,,,,,,,,,,,3460
Maxi Start Microgranulaat 10+31 + 20SO3,,,NL,MAN,KG,,,10,,,,,,,,31,,,,20,,,,,,,,,,,,,3461
Top Mix NK 23+0+9,,,NL,MAN,KG,,,23,,,,,,,,,9,,,,,,,,,,,,,,,,3462
Top Mix Pootgoed,,,NL,MAN,KG,,,12.6,,,,,,,,21.6,,5.4,10.8,20.1,,,,,,,,,,,,,3443
Top Mix Wortel,,,NL,MAN,KG,,,5.3,,,,,,,,9,21.8,8.1,21.8,29.4,,,,,0.1,,,,,,,,3465
Top Mix Zomergraan,,,NL,MAN,KG,,,15,,,,,,,,,23.7,4,0.7,7.3,,,,,,,,,,,,,3466
Korrelgips,,,NL,KLK,KG,,,,,,,,,,,,,,33,,,,,,,,,,,,,,3467
Nitrabor,,,NL,MAN,KG,,,15.4,,,,,,,,,,,26,,,,,,0.3,,,,,,,,?
N-xt Calcium N9 Ca B,,,NL,MAN,LIT,,,,,,,,,,,,,,,,,,,,,,,,,,,,3469
N-xt FertiPhos,,,NL,MAN,LIT,1.24,,,,,,,,,,21,,,,,,,,,,,,,,,,,3433
N-xt N 18 Ca Mg Mn,,,NL,MAN,LIT,,,,,,,,,,,,,,,,,,,,,,,,,,,,3470
N-xt NP 18-14 B Zn,,,NL,MAN,LIT,,,,,,,,,,,,,,,,,,,,,,,,,,,,3472
N-xt NP 22-5 B Zn,,,NL,MAN,LIT,,,,,,,,,,,,,,,,,,,,,,,,,,,,3471
N-xt NP 22-8 B Zn,,,NL,MAN,LIT,,,,,,,,,,,,,,,,,,,,,,,,,,,,3473
Top Mix Pootgoed Midden,,,NL,MAN,KG,,,,,,,,,,,,,,,,,,,,,,,,,,,,3464
