Name,From,To,Country,Type,Unit,SpecificWeight,Volume,N,Norg,Nmin,N-slow,N-ureum,NH4,NO3,N-Amide,P2O5,K2O,MgO,CaO,SO3,Na2O,Cl,Cu,Co,B,Mo,Fe,Mn,Zn,SiO2,Se,Pb
Ammoniumnitraat vloeibaar,,,NL,MAN,LIT,1.24,,18,,,,,,,,,,,,,,,,,,,,,,,,
Chilisalpeter,,,NL,MAN,KG,,,16,,,,,,,,,,,,,35,,,,0.2,,,,,,,
KAS 27 (Kalkammonsalpeter),,,NL,MAN,KG,,,27,,,,,,,,,,,12,,,,,,,,,,,,,
Magnesamon (MAS),,,NL,MAN,KG,,,22,,,,,,,,,,7,10.5,,,,,,,,,,,,,
Urean 30 N,,,NL,MAN,LIT,1.32,,30,,,,,,,,,,,,,,,,,,,,,,,,
Ureum gegranuleerd,,,NL,MAN,KG,,,46,,,,,,,,,,,,,,,,,,,,,,,,
Ureum oplossing 18.4%,,,NL,MAN,LIT,1.1,,18.4,,,,,,,,,,,,,,,,,,,,,,,,
Vloeibare ammoniak,,,NL,MAN,LIT,0.62,,82,,,,,,,,,,,,,,,,,,,,,,,,
Zwavelzure ammoniak,,,NL,MAN,KG,,,21,,,,,,,,,,,,60,,,,,,,,,,,,
Superfosfaat,,,NL,MAN,KG,,,,,,,,,,,19,,,25,32,,,,,,,,,,,,
Tripelsuperfosfaat,,,NL,MAN,KG,,,,,,,,,,,45,,,19,5,,,,,,,,,,,,
Kali 60,,,NL,MAN,KG,,,,,,,,,,,,60,,,,,47.3,,,,,,,,,,
Kaliumsulfaat (standaard),,,NL,MAN,KG,,,,,,,,,,,,50,0.12,1.26,45,0.95,2.5,0.001,,,,0.04,,0.001,,,
Korn-Kali,,,NL,MAN,KG,,,,,,,,,,,,40,6,,12,4,36,,,,,,,,,,
Patentkali,,,NL,MAN,KG,,,,,,,,,,,,30,10,,42,,2.7,,,,,,,,,,
Ammonium-polyfosfaat,,,NL,MAN,LIT,1.38,,10,,,,,,,,34,,0.5,0.2,0.4,,,,,,,0.3,,,,,
NP 18+46 (DAP),,,NL,MAN,KG,,,18,,,,,,,,46.2,,0.8,0.1,3.8,0.1,,,,,,0.8,,,,,
NP 20+34,,,NL,MAN,KG,,,20,,,,,,,,34,,,,,,,,,,,,,,,,
NP 23+23,,,NL,MAN,KG,,,23,,,,,,,,23,,,,,,,,,,,,,,,,
NP 26+14,,,NL,MAN,KG,,,26,,,,,,,,14,,,,,,,,,,,,,,,,
NP 26+7,,,NL,MAN,KG,,,26,,,,,,,,7,,,,,,,,,,,,,,,,
NPK 12+10+18,,,NL,MAN,KG,,,12,,,,,,,,10,18,,7.5,23.2,,2,,,,,,,,,,
NPK 15+12+24,,,NL,MAN,KG,,,15,,,,,,,,12,24,,,1,,,,,,,,,,,,
NPK 15+15+15,,,NL,MAN,KG,,,15,,,,,,,,15,15,,,4,,,,,,,,,,,,
NPK 17+17+17,,,NL,MAN,KG,,,17,,,,,,,,17,17,,,1,,,,,,,,,,,,
NPK 7+14+28,,,NL,MAN,KG,,,7,,,,,,,,14,28,,,25,,,,,,,,,,,,
Kalisalpeter,,,NL,MAN,KG,,,13,,,,,,,,,45,,,,0.67,0.7,,,,,,,,,,
Multi-K,,,NL,MAN,KG,,,13,,,,,,,,,46,,,,,,,,,,,,,,,
Multi-K Mg,,,NL,MAN,KG,,,12,,,,,,,,,42,2,,,,,,,,,,,,,,
Multi-K Mg (1-0-2),,,NL,MAN,KG,,,13,,,,,,,,,26,4,,,,,,,,,,,,,,
Borax (decahydraat),,,NL,MAN,KG,,,,,,,,,,,,,,,0,,0.0001,,,11.3,,0,,,,,
Esta kieseriet+D98,,,NL,MAN,KG,,,,,,,,,,,,,25,,50,,1.5,,,,,,,,,,
Landbouwzout,,,NL,MAN,KG,,,,,,,,,,,,,0.17,5.6,0.1,50,59.9,,,,,0.2,,,,,
Mais-MAP 0,,,NL,MAN,KG,,,20,,,,,,,,,,,,,,,,,0.1,,,,,,,
Mais-MAP 20,,,NL,MAN,KG,,,20,,,,,,,,20,,,,,,,,,0.2,,,,,,,
Mais-MAP 40,,,NL,MAN,KG,,,20,,,,,,,,40,,,,,,,,,0.2,,,,,,,
Mangaansulfaat,,,NL,MAN,KG,,,,,,,,,,,,,,,,,0.02,,,,,0.005,31,,,,
Nakamag,,,NL,MAN,KG,,,,,,,,,,,,11,5,,10,26.9,44,,,,,,,,,,
Tropicote (Kalksalpeter),,,NL,MAN,KG,,,15.5,,,,,,,,,,,26.3,,,,,,,,,,,,,
Optimag,,,NL,MAN,KG,,,20,,,,,,,,,,10,,10,,,,,,,,,,,,
KAS 27% + 4% MgO,,,NL,MAN,KG,,,27,,,,,,,,,,4,6,,,,,,,,,,,,,
NPK 26+0+0,,,NL,MAN,KG,,,26,,,,,,,,,,,,,,,,,,,,,,,,
Ammonsulfaatsalpeter (ASS),,,NL,MAN,KG,,,26,,,,,,,,,,0.3,,35,,,,,,,0.05,,,,,
Mas-super,,,NL,MAN,KG,,,22,,,,,,,,,,7,,,,,,,,,,,,,,
Thomasmeel,,,NL,MAN,KG,,,,,,,,,,,11,,,,,,,,,,,,,,,,
Zacht natuurfosfaat,,,NL,MAN,KG,,,,,,,,,,,27,,,37,,,,,,,,,,,,,
Ruw kalizout,,,NL,MAN,KG,,,,,,,,,,,,15,,,,10,,,,,,,,,,,
Ruw kaliumnatriumzout,,,NL,MAN,KG,,,,,,,,,,,,15,,,,10,,,,,,,,,,,
NP 12+54 (MAP),,,NL,MAN,KG,,,12,,,,,,,,54,,,,,,,,,,,,,,,,
NP 20+20 + 4MgO,,,NL,MAN,KG,,,20,,,,,,,,20,,4,,,,,,,,,,,,,,
NP 11+52 + 0.1B,,,NL,MAN,KG,,,11,,,,,,,,52,,,,,,,,,0.1,,,,,,,
Mono-ammoniumfosfaat,,,NL,MAN,KG,,,10,,,,,,,,50.2,,0.8,0.1,2,0.7,,,,,,0.7,,,,,
NPK 22+6+0+8MgO+16SO3,,,NL,MAN,KG,,,22,,,,,,,,6,,8,,16,,,,,,,,,,,,
NPK 16+10+20 chloorarm,,,NL,MAN,KG,,,16,,,,,,,,10,20,,,17,,,,,,,,,,,,
NPK 14+14+14 chloorarm,,,NL,MAN,KG,,,14,,,,,,,,14,14,,,,,,,,,,,,,,,
NPK 16+8+14+4MgO chloorarm,,,NL,MAN,KG,,,16,,,,,,,,8,14,4,,,,,,,,,,,,,,
NPK 12+5+18+5 MgO,,,NL,MAN,KG,,,12,,,,,,,,5,18,5,,,,,,,,,,,,,,
NPK 20+10+10,,,NL,MAN,KG,,,20,,,,,,,,10,10,,,4,,,,,,,,,,,,
PK 25+25,,,NL,MAN,KG,,,,,,,,,,,25,25,,14.5,4,,,,,,,,,,,,
PK 15+30,,,NL,MAN,KG,,,,,,,,,,,15,30,,15.3,6,,,,,,,,,,,,
Monokaliumfosfaat (MKP),,,NL,MAN,KG,,,,,,,,,,,52,34,,,,,,,,,,,,,,,
PK 20+30,,,NL,MAN,KG,,,,,,,,,,,20,30,,,2,,,,,,,,,,,,
PK 14+24,,,NL,MAN,KG,,,,,,,,,,,14,24,,19.4,16.5,,,,,,,,,,,,
PK 19+19 chloorarm,,,NL,MAN,KG,,,,,,,,,,,19,19,,,,,,,,,,,,,,,
PK 10+25,,,NL,MAN,KG,,,,,,,,,,,10,25,,,,,,,,,,,,,,,
NP 24+14,,,NL,MAN,KG,,,24,,,,,,,,14,,,,,,,,,,,,,,,,
NP 26+26,,,NL,MAN,KG,,,26,,,,,,,,26,,,,,,,,,,,,,,,,
Sulfamag,,,NL,MAN,KG,,,,,,,,,,,,,35,,36.8,,,,,,,,,,,,
Graszout Groen,,,NL,MAN,KG,,,,,,,,,,,,,,,,47.5,54.5,3.5,,,,,,,,,
Graszout Rood,,,NL,MAN,KG,,,,,,,,,,,,,,,,50,57.1,,0.3,,,,,,,,
Calciumchloride,,,NL,MAN,LIT,1.3,,,,,,,,,,,,,16.6,,,21.1,,,,,,,,,,
Dynamon S,,,NL,MAN,KG,,,24,,,,,,,,,,,10.5,15,,,,,,,,,,,,
Calsal (akkerbouw),,,NL,MAN,LIT,1.5,,8.7,,,,,,,,,,,17.5,,,,,,,,,,,,,
Chili borium plus,,,NL,MAN,KG,,,16,,,,,,,,,,,,,35,,,,0.2,,,,,,,
Entec 26,,,NL,MAN,KG,,,26,,,,,,,,,,,,32.5,,,,,,,,,,,,
KAS 24 Zwavel 15 SO3,,,NL,MAN,KG,,,24,,,,,,,,,,,,15,,,,,,,,,,,,
NTS 27N,,,NL,MAN,LIT,1.3,,27,,,,,,,,,,,,7.5,,,,,,,,,,,,
NTS 24N,,,NL,MAN,LIT,,,24,,,,,,,,,,,,15,,,,,,,,,,,,
Bortrac 150,,,NL,MAN,LIT,1.365,,,,,,,,,,,,,,,,,,,11,,,,,,,
Fertichel Borium,,,NL,MAN,LIT,1.35,,,,,,,,,,,,,,,,,,,10,,,,,,,
Maneltra Borium,,,NL,MAN,LIT,,,,,,,,,,,,,,,,,,,,15,,,,,,,
Solubor DF,,,NL,MAN,KG,,,,,,,,,,,,,,,,10,,,,17.4,,,,,,,
Top Trace Borium,,,NL,MAN,LIT,1.35,,,,,,,,,,,,,,,,,,,11.1,,,,,,,
Wuxal Borium extra WP,,,NL,MAN,LIT,1.35,,8,,,,,,,,10,,,,,,,,,7,,,0.05,,,,
Hydrophos,,,NL,MAN,LIT,1.479,,,,,,,,,,29.7,5,6.8,,,,,,,,,,,,,,
Bitterzout EPSO Top,,,NL,MAN,KG,,,,,,,,,,,,,16,,32,,,,,,,,,,,,
Chelal Mg vloeibaar,,,NL,MAN,LIT,,,,,,,,,,,,,7.5,,,,,,,,,,,,,,
Fertichel Magnesium,,,NL,MAN,LIT,1.256,,,,,,,,,,,,6.6,,,,,,,,,,,,,,
Hydromag 500,,,NL,MAN,LIT,1.517,,,,,,,,,,,,33,,,,,,,,,,,,,,
Luxan Magnesiumchelaat-EDTA 2.5%,,,NL,MAN,LIT,,,,,,,,,,,,,4.15,,,,,,,,,,,,,,
Top Trace Magnesiumchelaat,,,NL,MAN,LIT,1.2,,,,,,,,,,,,5,,,,,,,,,,,,,,
Top Trace Magnesiumnitraat,,,NL,MAN,LIT,1.35,,7,,,,,,,,,,10,,,,,,,,,,,,,,
Chelal Mn vloeibaar,,,NL,MAN,LIT,,,,,,,,,,,,,,,,,,,,,,,9,,,,
Fertichel Mangaan,,,NL,MAN,LIT,1.2,,,,,,,,,,,,,,,,,,,,,,5,,,,
Luxan Mangaanchelaat-EDTA 5%,,,NL,MAN,LIT,,,,,,,,,,,,,,,,,,,,,,,5,,,,
Mangaan Vloeibaar extra,,,NL,MAN,LIT,1.55,,7.7,,,,,,,,,,,,,,,,,,,,15,,,,
Mantrac 500,,,NL,MAN,LIT,1.826,,,,,,,,,,,,,,,,,,,,,,27.4,,,,
Mantrilon FL,,,NL,MAN,LIT,1.35,,,,,,,,,,,,,,,,,,,,,,6,,,,
Top Trace Mangaanchelaat,,,NL,MAN,LIT,1.2,,,,,,,,,,,,,,,,,,,,,,5,,,,
Top Trace Mangaannitraat,,,NL,MAN,LIT,1.48,,6.9,,,,,,,,,,,,,,,,,,,,13.5,,,,
Wuxal Suspensie Mangaan,,,NL,MAN,LIT,1.3,,10,,,,,,,,,,3,,,,,,,,,,6,,,,
Polyfeed Duetto,,,NL,MAN,KG,,,20,,,,,,,,,33,,,,,,0.07,,0.035,0.0033,,0.02,0.01,,,
Seniphos,,,NL,MAN,LIT,1.312,,3,,,,,,,,23.6,,,4.3,,,,,,,,,,,,,
Magnesiumnitraat,,,NL,MAN,LIT,1.35,,7,,,,,,,,,,10,,,,,,,,,,,,,,
Solafos,,,NL,MAN,LIT,,,10,,,,,,,,34,,,,,,,,,,,,,,,,
Magnesiumsulfaat,,,NL,MAN,LIT,1.23,,,,,,,,,,,,7,,14,,,,,,,,,,,,
Rundveemest vast,,,NL,MOR,TON,0.9,,6.3,4.85,1.45,,,,,,3.7,8.1,2.1,,0.24,0.9,,,,,,,,,,,
Rundveegier,,,NL,MOR,TON,1.3,,4.1,0.2027,3.8973,,,,,,2,8,0.2,,0.8,1,,,,,,,,,,,
Vleeskalveren drijfmest (witvlees),,,NL,MOR,TON,,,2.8,0.56,2.24,,,,,,1.5,4.35,1.3,,0.72,,,,,,,,,,,,
Fokzeugen/biggendrijfmest,,,NL,MOR,TON,,,5.1,2.04,3.06,,,,,,3.1,4.05,1.1,,0.36,0.6,,,,,,,,,,,
Legkippenmest rooster,,,NL,MOR,TON,0.65,,25,22.5,2.5,,,,,,26.8,12.7,4.9,,2.4,1.5,,,,,,,,,,,
Vleeskuikenmest vast,,,NL,MOR,TON,0.65,,32.6,267.275,5.8725,,,,,,17.7,20.75,6.5,,3.6,3,,,,,,,,,,,
Vleeskalkoenenmest,,,NL,MOR,TON,0.535,,25.9,19.2,6.7,,,,,,21,17.1,6.3,,3.8,7.3,,,,,,,,,,,
Paardenmest vast,,,NL,MOR,TON,0.7,,5,4,1,,,,,,3,5.5,1.8,,,,,,,,,,,,,,
Nertsenmest vast,,,NL,MOR,TON,0.7,,34.2,14.7085,19.4915,,,,,,35.8,2,2.2,,3.72,5.1,,,,,,,,,,,
Vossenmest vast,,,NL,MOR,TON,0.7,,37.2,15.9852,21.2148,,,,,,27.4,2.7,2.2,,3.72,5.1,,,,,,,,,,,
Konijnenmest,,,NL,MOR,TON,0.6,,12.9,9.8,3.1,,,,,,12.4,11,5.7,,0.24,2.2,,,,,,,,,,,
Schapenmest stro,,,NL,MOR,TON,0.7,,8.3,6.3876,1.9124,,,,,,4.6,18,2.8,,0.24,2.3,,,,,,,,,,,
Geitenmest vast,,,NL,MOR,TON,0.8,,9.6,6.6234,2.9766,,,,,,5.2,10.6,3.5,,0.24,1.9,,,,,,,,,,,
Eendenmest vast,,,NL,MOR,TON,0.9,,9.1,6.75,2.35,,,,,,8.5,7,1.6,,3.8,0.8,,,,,,,,,,,
Eendendrijfmest,,,NL,MOR,TON,,,6.2,2.6671,3.5329,,,,,,4.7,7,2.2,,0.88,0.9,,,,,,,,,,,
Rundveemest filtraat,,,NL,MOR,TON,1.3,,4.1,0.2064,3.8936,,,,,,2,6.8,0.2,,0.8,1,,,,,,,,,,,
Rundveemest koek,,,NL,MOR,TON,,,19.9,15.2813,4.6187,,,,,,13.9,5.2,2.1,,0.24,0.9,,,,,,,,,,,
Runderdrijfmest,,,NL,MOR,TON,1.5,,4.5,21.136,23.864,,,,,,1.9,6.3,1.3,,0.72,0.8,,,,,,,,,,,
Runderdrijfmest (16),,,NL,MOR,TON,,,,,,,,,,,,,,,,,,,,,,,,,,,
Vleeskalveren drijfmest (rosevlees),,,NL,MOR,TON,,,5.1,1.02,4.08,,,,,,2.3,4.9,1.3,,0.72,,,,,,,,,,,,
Legkippendrijfmest,,,NL,MOR,TON,1.2,,10.4,4.4727,5.9273,,,,,,7,5.6,2.2,,0.88,0.9,,,,,,,,,,,
Legkippenmest vast,,,NL,MOR,TON,0.65,,28.5,25.6536,2.8464,,,,,,28.8,23.8,4.9,,2.4,1.5,,,,,,,,,,,
Legkippenmest,,,NL,MOR,TON,0.65,,25.7,23.1338,2.5662,,,,,,19.8,15.45,4.9,,2.4,1.5,,,,,,,,,,,
Legkippenmest nagedroogd,,,NL,MOR,TON,0.65,,36.5,32.8488,3.6512,,,,,,28.2,21.45,4.9,,2.4,1.5,,,,,,,,,,,
Varkensmest vast,,,NL,MOR,TON,0.8,,10.8,8.64,2.16,,,,,,10.7,8.65,2.5,,0.24,1,,,,,,,,,,,
Varkensgier,,,NL,MOR,TON,1.1,,3.9,0.19,3.71,,,,,,1.1,4.5,0.2,,0.72,0.2,,,,,,,,,,,
Varkensmest filtraat,,,NL,MOR,TON,1.1,,4.7,0.2371,4.4629,,,,,,1.1,4.2,0.2,,0.72,0.2,,,,,,,,,,,
Varkensmest koek,,,NL,MOR,TON,,,18.7,14.9752,3.7248,,,,,,19.5,3.5,2.5,,0.24,1,,,,,,,,,,,
Vl.varkensdrijfmest,,,NL,MOR,TON,1.4,,6.8,2.86,3.94,,,,,,3.9,7.2,1.8,,0.64,0.9,,,,,,,,,,,
Nertsendrijfmest,,,NL,MOR,TON,,,9.6,4.52,5.08,,,,,,6,2,1.3,,0.72,0.8,,,,,,,,,,,
Konijnengier,,,NL,MOR,TON,,,,,,,,,,,,5,0.2,,0.8,1,,,,,,,,,,,
Konijnendrijfmest,,,NL,MOR,TON,,,5.1,2.55,2.55,,,,,,4.1,11,5.7,,0.24,2.2,,,,,,,,,,,
Parelhoendersmest,,,NL,MOR,TON,0.6,,32.6,29.34,3.26,,,,,,17.7,18.5,4.8,,2.2,1,,,,,,,,,,,
Biet-vinasse,,,NL,MOR,TON,,,,,,,,,,,,80,,,,,,,,,,,,,,,
Champost,,,NL,MOR,TON,,,6.9,6.55,0.35,,,,,,4.1,5,2.5,45,13.6,1,,0.0086,,,,,,0.035,,,
GFT-Landbouwcompost,,,NL,MOR,TON,,,8.7,7.8,0.9,,,,,,4.6,8.1,2.4,10.9,,,,0.0332,,,,,,0.113,,,
Lotusvinasse,,,NL,MOR,TON,,,40,,,,,,,,5,250,,,,,,,,,,,,,,,
Protamylasse,,,NL,MOR,TON,,,30,5,25,,,,,,15,90,,,,,5,,,,,,,,,,
Recykal SF,,,NL,MOR,TON,,,50,50,,,,,,,15,90,,5,,5,4,,,,,,,,,,
Vinasse,,,NL,MOR,TON,,,,,,,,,,,,430,,,,,,,,,,,,,,,
Vinasse-Extract,,,NL,MOR,TON,,,,,,,,,,,,400,,,,,,,,,,,,,,,
Vinassekali chloorarm,,,NL,MOR,TON,,,38,38,,,,,,,5,100,1,5,17,19,12,,,,,,,,,,
Vinassekali-SF chloorarm,,,NL,MOR,TON,,,8,8,,,,,,,5,250,,105,413,8,1.1,,,,,,,,,,
Vinassekali-SFL chloorarm,,,NL,MOR,TON,,,22,22,,,,,,,5,260,,20,333,65,6,,,,,,,,,,
Zuiveringsslib vast,,,NL,MOR,TON,,,,,,,,,,,,,,,,,,,,,,,,,,,
Zuiveringsslib vloeibaar,,,NL,MOR,TON,,,,,,,,,,,,,,,,,,,,,,,,,,,
NatuKali,,,NL,MOR,TON,1.8,,4,3,1,,,,,,2,50,0.4,,30,15,,,,,,,,,,,
Agrakalk 23+4,,,NL,KLK,KG,,,0.14,,,,,,,,0.38,0.05,4,,,,,,,,,,,,,,
Betacal-Carbo,,,NL,KLK,KG,,,0.325,,,,,,,,1.15,0.11,1.1,29,0.7,0.027,,,,0.0005,,0.2,0.015,0.005,,,
Betacal-Filter,,,NL,KLK,KG,,,0.275,,,,,,,,0.975,0.09,0.9,24,0.6,0.023,,,,0.004,,0.17,0.013,0.004,,,
Betacal-Flow,,,NL,KLK,KG,,,0.225,,,,,,,,0.8,0.08,0.8,20,0.5,0.02,,,,0.0003,,0.14,0.01,0.003,,,
Borgakal,,,NL,KLK,KG,,,,,,,,,,,,,7,41,,,,,,,,,,,,,
Borium-Kencica,,,NL,KLK,KG,,,5,,,,,,,,,,5,40,,,,,,0.05,,,,,,,
Dolokal,,,NL,KLK,KG,,,,,,,,,,,,,5,47,,,,,,,,,,,,,
Dolokal Extra,,,NL,KLK,KG,,,,,,,,,,,,,10,41,,,,,,,,,,,,,
Dolokal Supra,,,NL,KLK,KG,,,,,,,,,,,,,19,30,,,,,,,,,,,,,
Emkal,,,NL,KLK,KG,,,,,,,,,,,,,,53,,,,,,,,,,,,,
Ferkal,,,NL,KLK,KG,,,0.48,,,,,,,,1.43,0.04,1.36,23,0.89,,,0.0001,,,,,,0.0041,,,
Gebluste Poederkalk Eclat,,,NL,KLK,KG,,,,,,,,,,,,,1,72,,,,,,,,,,,,,
Limkal,,,NL,KLK,KG,,,,,,,,,,,,,,50,,,,,,,,,,,,,
Magkal,,,NL,KLK,KG,,,,,,,,,,,,,17,,,,,,,,,,,,,,
Magnesiakalk,,,NL,KLK,KG,,,,,,,,,,,,,5,,,,,,,,,,,,,,
Vitakal,,,NL,KLK,KG,,,,,,,,,,,,,,,,,,,,,,,,,,,
Winterwijkse Kleidolomiet,,,NL,KLK,KG,,,,,,,,,,,,,5,39,,,,,,,,,,,,,
Winterswijk Ultradolomiet,,,NL,KLK,KG,,,,,,,,,,,,,10,27,,,,,,,,,,,,,
Koolzure landbouwkalk,,,NL,KLK,KG,,,,,,,,,,,,,1,,,,,,,,,,,,,,
Kalkmergel,,,NL,KLK,KG,,,,,,,,,,,,,,,,,,,,,,,,,,,
Fosma kencica PK 8+15,,,NL,MAN,KG,,,,,,,,,,,8,16,6,30,,,,,,,,,,,,,
Fosma kencica PK 5+10,,,NL,MAN,KG,,,,,,,,,,,5,18,5,30,,,,,,,,,,,,,
Stima kencica,,,NL,MAN,KG,,,,,,,,,,,,,,,,,,,,,,,,,,,
Koper kencica,,,NL,MAN,KG,,,,,,,,,,,3,3,8,,,,,0.3,0.02,,,,,,,,
Unika,,,NL,MAN,KG,,,14,,,,,,,,,24,,12,,,,,,,,,,,,,
Miramag,,,NL,KLK,KG,,,,,,,,,,,,,19,,,,,0.0008,,0.002,,,0.044,0.005,,,
Branntkalk,,,NL,KLK,KG,,,,,,,,,,,,,,80,,,,,,,,,,,,,
Copter,,,NL,MAN,LIT,1.49,,9.2,,,,,,,,,,,,,,,20,,,,,,,,,
Foliar extra,,,NL,MAN,LIT,1.24,,12,,,,,,,,8,6,,,,,,,,,,,,,,,
Human 15,,,NL,MAN,LIT,1.36,,,,,,,,,,,,1.2,,9.3,,,,,,,,15,,,,
Boron,,,NL,MAN,LIT,1.35,,,,,,,,,,,,,,,,,,,15,,,,,,,
Magnor,,,NL,MAN,LIT,1.35,,5,,,,,,,,,,10,,,,,,,,,,,,,,
Phos plus,,,NL,MAN,LIT,1.36,,,,,,,,,,43,,6,,,,,,,,,,,,,,
Sulpha N,,,NL,MAN,LIT,1.33,,14,,,,,,,,,,,,33,,,,,,,,,,,,
Vercal,,,NL,MAN,LIT,1.28,,,,,,,,,,,,,15,,,,,,,,,,,,,
Zinic,,,NL,MAN,LIT,1.32,,,,,,,,,,,,,,8,,,,,,,,,14,,,
Natriummolybdaat,,,NL,MAN,KG,,,,,,,,,,,0.001,,,,,,,,,,39.8,,,,,,
Molytrac 250,,,NL,MAN,LIT,1.61,,,,,,,,,,,,,,,,,,,,15.5,,,,,,
HydroPlus Molybdeen,,,NL,MAN,LIT,1.38,,,,,,,,,,,,,,,,,,,,4.1,,,,,,
EPSO Microtop,,,NL,MAN,KG,,,,,,,,,,,,,15,,31,,,,,1,,,1,,,,
Masterbietenzout,25-May-11,,NL,MAN,KG,,,,,,,,,,,,,,,,50,,,,0.2,,,,,,,
Entec 20+5+5,24-Feb-12,,NL,MAN,,,,,,,,,,,,,,,,,,,,,,,,,,,,
Mangaan-Nitro 7.5%,24-Feb-12,,NL,MAN,LIT,1.4,,7.5,,,,,,,,,,,,,,,,,,,,18,,,,
Duwa-Dolomitique,24-Feb-12,,NL,KLK,KG,,,,,,,,,,,,,19,31,,,,,,,,,,,,,
Duwa-MAG,24-Feb-12,,NL,KLK,KG,,,,,,,,,,,,,18,31,,,,,,,,,,,,,
Duwa-Mixte,24-Feb-12,,NL,KLK,KG,,,,,,,,,,,,,5,48,,,,,,,,,,,,,
Dologran 5,24-Feb-12,,NL,KLK,KG,,,,,,,,,,,,,5,,,,,,,,,,,,,,
Dologran 15,24-Feb-12,,NL,KLK,KG,,,,,,,,,,,,,15,,,,,,,,,,,,,,
Natte Kalkslib,24-Feb-12,,NL,KLK,LIT,1.1,,,,,,,,,,,,0.004,5.67,,,,,,,,1.41,0.006,,,,
Lithomagnesium,24-Feb-12,,NL,KLK,KG,,,,,,,,,,,,,10,30,,,,,,,,,0.001,,,,
Physiomax,24-Feb-12,,NL,KLK,KG,,,,,,,,,,,,,3,36,,,,,,,,,,,,,
Ankal Wit,24-Feb-12,,NL,KLK,KG,,,,,,,,,,,,,,,,,,,,,,,,,,,
Nedcal,24-Feb-12,,NL,KLK,KG,,,,,,,,,,,,,1,,,,,,,,,,,,,,
ACS Koper 500,24-Feb-12,,NL,MAN,LIT,,,,,,,,,,,,,,,,,,50,,,,,,,,,
ACS Zwavel 800,24-Feb-12,,NL,MAN,LIT,1.36,,,,,,,,,,,,,,58.8,,,,,,,,,,,,
Agro-Force,24-Feb-12,,NL,MAN,LIT,,,,,,,,,,,,0.5,,,,,,,,0.1,,,,,,,
Ammoniumthiosulfaat (ATS),24-Feb-12,,NL,MAN,KG,,,18,,,,,,,,,,,,43,,,,,,,,,,,,
Marathon K,24-Feb-12,,NL,MAN,KG,,,7,,,,,,,,6,14,2,,16,,,,,,,,,,,,
Photrel,24-Feb-12,,NL,MAN,KG,,,,,,,,,,,,,13.3,,36.3,,,,,5,0.4,,7,,,,
NPK 12+5+17+5MgO,24-Feb-12,,NL,MAN,KG,,,12,,,,,,,,5,17,5,,,,,,,,,,,,,,
Marathon N,24-Feb-12,,NL,MAN,KG,,,14,,,,,,,,5,8,2,,10,,,,,,,,,,,,
Marathon P,24-Feb-12,,NL,MAN,KG,,,6,,,,,,,,12,8,2,,11,,,,,,,,,,,,
Marathon NK,24-Feb-12,,NL,MAN,KG,,,12,,,,,,,,,14,2.5,,16,,,,,,,,,,,,
Phosfik,24-Feb-12,,NL,MAN,LIT,1.38,,3,,,,,,,,27,18,,,,,,0.02,,0.01,0.001,,0.01,0.01,,,
KAS 26+35SO3 (Kalkammonsalpeter),24-Feb-12,,NL,MAN,KG,,,26,,,,,,,,,,,,35,,,,,,,,,,,,
Ma√Øsstarter 20+15 + 0.15B,24-Feb-12,,NL,MAN,KG,,,20,,,,,,,,15,,,,,,,,,0.15,,,,,,,
Ma√Øsstarter 20+15 + 3MgO,24-Feb-12,,NL,MAN,KG,,,20,,,,,,,,15,,3,,,,,,,,,,,,,,
Ma√Øsstarter 20+20 + 0.2B,24-Feb-12,,NL,MAN,KG,,,20,,,,,,,,20,,,,,,,,,0.2,,,,,,,
NK 9+9+13.5SO3,24-Feb-12,,NL,MAN,KG,,,9,,,,,,,,,9,,,13.5,,,,,,,,,,,,
NP 12+52,24-Feb-12,,NL,MAN,KG,,,12,,,,,,,,52,,,,,,,,,,,,,,,,
NP 20+20 + 0.1B,24-Feb-12,,NL,MAN,KG,,,20,,,,,,,,20,,,,,,,,,0.1,,,,,,,
NP 20+25 + 3MgO + 0.6B,24-Feb-12,,NL,MAN,KG,,,20,,,,,,,,25,,3,,,,,,,0.6,,,,,,,
NP 20+40 + 0.1B,24-Feb-12,,NL,MAN,KG,,,20,,,,,,,,40,,,,,,,,,0.1,,,,,,,
NP 26+12 + 0.2B,24-Feb-12,,NL,MAN,KG,,,26,,,,,,,,12,,,,,,,,,0.2,,,,,,,
NP 26+8 + 10SO3,24-Feb-12,,NL,MAN,KG,,,26,,,,,,,,8,,,,10,,,,,,,,,,,,
NPK 12+9+20+17.5 SO3,24-Feb-12,,NL,MAN,KG,,,12,,,,,,,,9,20,,,17.5,,,,,,,,,,,,
NPK 13+13+21,24-Feb-12,,NL,MAN,KG,,,13,,,,,,,,13,21,,,5,,,,,,,,,,,,
NPK 14+10+20+14 SO3,24-Feb-12,,NL,MAN,KG,,,14,,,,,,,,10,20,,,14,,,,,,,,,,,,
NPK 14+8+24,24-Feb-12,,NL,MAN,KG,,,14,,,,,,,,8,24,,,,,,,,,,,,,,,
Wuxal Suspensie Magnesium,24-Feb-12,,NL,MAN,LIT,1.5,,15,,,,,,,,,,8,,,,,0.05,,0.02,0.001,0.1,0.05,0.05,,,
Wuxal Suspensie Nr. 1,24-Feb-12,,NL,MAN,LIT,1.5,,20,,,,,,,,,15,4,,,,,0.05,,0.02,0.001,0.1,0.05,0.05,,,
Zintrac 700,24-Feb-12,,NL,MAN,LIT,1.75,,,,,,,,,,,,,,,,,,,,,,,40,,,
Flex NP 20+6 Micro nutri√´nten,24-Feb-12,,NL,MAN,LIT,1.21,,19.5,,,,,,,,5.8,,,,2,,,,,,,,,,,,
Flex Aardappel N 18 Ca B,24-Feb-12,,NL,MAN,LIT,1.24,,17.7,,,,,,,,,,,7.8,,,,,,0.64,,,,,,,
Flex Aardappel NP 9+18 S B Zn,24-Feb-12,,NL,MAN,LIT,1.28,,8.8,,,,,,,,17.7,,,,2,,,,,0.5,,,,0.5,,,
Flex Aardappel NP 7+18 S B Zn,24-Feb-12,,NL,MAN,LIT,1.25,,7.8,,,,,,,,17.7,,,,0.8,,,,,0.5,,,,0.3,,,
Flex N 24,24-Feb-12,,NL,MAN,LIT,1.22,,23.7,,,,,,,,,,,,7.5,,,,,,,,,,,,
Flex NP 15+10 Na B,24-Feb-12,,NL,MAN,LIT,1.2,,14.7,,,,,,,,9.7,,,,0.3,5.1,,,,0.3,,,,,,,
Flex Blad N 18 Mg S,24-Feb-12,,NL,MAN,LIT,1.2,,17.7,,,,,,,,0.1,,1.5,,6.1,,,,,,,,,,,,
Flex NP 13+18 B Zn,24-Feb-12,,NL,MAN,LIT,1.27,,12.7,,,,,,,,17.8,,,,2,,,,,0.5,,,,0.3,,,
Stikstofmagnesia,24-Feb-12,,NL,MAN,KG,,,22,,,,,,,,,,7,10.2,,,,,,,,,,,,,
Kencica Zwavel-N,24-Feb-12,,NL,MAN,KG,,,26,,,,,,,,,,,,35,,,,,,,,,,,,
N-Zomerzout,24-Feb-12,,NL,MAN,KG,,,20,,,,,,,,,,,,,11,,,,,,,,,,,
Flex Ma√Øs NP 18+14 B,24-Feb-12,,NL,MAN,LIT,1.26,,17.7,,,,,,,,13.7,,,,1.1,,,,,0.5,,,,,,,
Krista-K,24-Feb-12,,NL,MAN,KG,,,13.5,,,,,,,,,38,,,,,,,,,,,,,,,
Multi-K Extra,24-Feb-12,,NL,MAN,KG,,,13,,,,,,,,,38,2.5,,,,,,,,,,,,,,
Kalisalpeter + MgO,24-Feb-12,,NL,MAN,KG,,,12,,,,,,,,,42,4,,,,,,,,,,,,,,
Magnisal,24-Feb-12,,NL,MAN,KG,,,11,,,,,,,,,,16,,,,,,,,,,,,,,
Esta Kieseriet (fijn),24-Feb-12,,NL,MAN,KG,,,,,,,,,,,,,27,,54,,1.6,,,,,,,,,,
HydroComplex Sprinter,24-Feb-12,,NL,MAN,KG,,,20,,,,,,,,10,10,2,,8.2,,,,,0.015,,,0.02,0.02,,,
HydroComplex Grower,24-Feb-12,,NL,MAN,KG,,,16,,,,,,,,6,21,2,,9.5,,,,,0.015,,,0.02,0.02,,,
NPK Extra,24-Feb-12,,NL,MAN,KG,,,15,,,,,,,,7,15,3,,,,,,,,,,,,,,
Stimana Balans,24-Feb-12,,NL,MAN,KG,,,14,,,,,,,,7,5,6,6,,6,,,0.02,,,,,,,,
Flex Blad N 18 Ca Mg Mn,24-Feb-12,,NL,MAN,LIT,1.2,,17.7,0.2,,,,,,,0.2,,1.5,6.6,,,,,,,,,0.3,,,,
HydroComplex Partner,24-Feb-12,,NL,MAN,KG,,,12.4,,,,,,,,11.4,17.7,2.6,,20,,,,,0.015,,,0.02,0.02,,,
NPK 12+12+17,24-Feb-12,,NL,MAN,KG,,,12,,,,,,,,12,17,2,,6,,,,,,,,,,,,
NPK Super,24-Feb-12,,NL,MAN,KG,,,12,,,,,,,,8,16,5,5,,,,,,,,,,,,,
NPK 5+12+24,24-Feb-12,,NL,MAN,KG,,,5,,,,,,,,12,24,,,6.6,,,,,,,,,,,,
Stimafos 10,24-Feb-12,,NL,MAN,KG,,,20,,,,,,,,10,,,,,6,,,,0.05,,,,,,,
Stimafos 20,24-Feb-12,,NL,MAN,KG,,,20,,,,,,,,20,,4,,,,,,,0.05,,,,,,,
Kencica Groeistart,24-Feb-12,,NL,MAN,KG,,,20,,,,,,,,10,,6,,,,,,,0.05,,,,,,,
Vloeibare Ma√Øs-Map,24-Feb-12,,NL,MAN,LIT,1.35,,18.8,,,,,,,,18.8,,,,,,,,,0.2,,,,,,,
Stimafos 18/12,24-Feb-12,,NL,MAN,KG,,,18,,,,,,,,12,,4,,,5,,0.3,0.02,,,,,,,,
Stimafos 18/6,24-Feb-12,,NL,MAN,KG,,,18,,,,,,,,6,,5,5,,6,,0.3,0.02,,,,,,,,
Eco 14+14+7 MgO,24-Feb-12,,NL,MAN,KG,,,14,,,,,,,,14,,7,,,8,,0.3,0.02,,,,,,,,
Eco 16+9+7 MgO,24-Feb-12,,NL,MAN,KG,,,16,,,,,,,,9,,7,,,8,,0.2,0.02,,,,,,,,
Stimana Plus,24-Feb-12,,NL,MAN,KG,,,14,,,,,,,,7,,6,6,,6,,,,,,,,,,,
NP 11.5+5.6+2.2B,24-Feb-12,,NL,MAN,KG,,,11.5,,,,,,,,5.6,,,7.4,38.9,,,,,2.2,,,,,,,
Hydran,24-Feb-12,,NL,MAN,KG,,,22,,,,,,,,,15,,,13,,,,,,,0.5,0.02,0.02,,,
NK 15+20+5MgO,24-Feb-12,,NL,MAN,KG,,,15,,,,,,,,,20,5,,19,,,,,,,,,,,,
NK Speciaal,24-Feb-12,,NL,MAN,KG,,,15,,,,,,,,,15,5,6,,,,,,,,,,,,,
PK 16+36,24-Feb-12,,NL,MAN,KG,,,,,,,,,,,16,36,,10.5,4,,,,,,,,,,,,
PK 10+30,24-Feb-12,,NL,MAN,KG,,,,,,,,,,,10,30,,,10,,,,,,,,,,,,
PK 7+40,24-Feb-12,,NL,MAN,KG,,,,,,,,,,,7,40,,10.8,9.8,,,,,,,,,,,,
Borium-Vloeibaar,24-Feb-12,,NL,MAN,LIT,1.33,,,,,,,,,,,,,,,,,,,11.3,,,,,,,
Wuxal Folibor,24-Feb-12,,NL,MAN,LIT,1.36,,,,,,,,,,,,,,,,,,,11,,,,,,,
Boronat 32,24-Feb-12,,NL,MAN,KG,,,,,,,,,,,0.03,0.5,1,11.2,6.7,8.3,3,,,10,,0.15,0.004,,,,
HydroPlus Borium,24-Feb-12,,NL,MAN,LIT,1.38,,,,,,,,,,,,,,,,,,,5.7,,,,,,,
Weidezout Kobalt 0.3%,24-Feb-12,,NL,MAN,KG,,,,,,,,,,,,,0.17,0.25,0.53,50,58.8,,0.3,,,,,,,,
Coptrel 500,24-Feb-12,,NL,MAN,LIT,1.523,,,,,,,,,,,,,,,,,32.8,,,,,,,,,
HydroPlus Kopernitraat,24-Feb-12,,NL,MAN,LIT,1.38,,5.3,,,,,,,,,,,,,,,12,,,,,,,,,
Fertichel Koper,24-Feb-12,,NL,MAN,LIT,,,,,,,,,,,,,,,,,,5,,,,,,,,,
Weidezout Koper 3.5%,24-Feb-12,,NL,MAN,KG,,,,,,,,,,,,,0.17,0.27,0.22,47.5,55.2,3.5,,,,,,,,,
Thomaskali 8+15+6 MgO,24-Feb-12,,NL,MAN,KG,,,,,,,,,,,8,15,6,20,10,,,,,,,,,,,,
Zinflow 700,24-Feb-12,,NL,MAN,LIT,1.759,,,,,,,,,,,,,,,,,,,,,,,40,,,
Wuxal Aminocal,24-Feb-12,,NL,MAN,LIT,1.35,,,,,,,,,,,,,15,,,,,,,,,0.5,0.5,,,
HydroPlus Zinknitraat,24-Feb-12,,NL,MAN,LIT,1.46,,6,,,,,,,,,,,,,,,,,,,,,14,,,
Sporumix A,24-Feb-12,,NL,MAN,KG,,,,,,,,,,,,,25,,,,,1.2,0.05,0.07,0.025,,0.6,0.1,,,
Sporumix B,24-Feb-12,,NL,MAN,KG,,,,,,,,,,,,,25,,,,,0.7,0.05,0.6,0.025,,,0.3,,,
Wuxal Microplant,24-Feb-12,,NL,MAN,LIT,1.5,,5,,,,,,,,,10,3,,,,,0.5,,0.3,0.01,1,1.5,1,,,
Entec 14+7+17,24-Feb-12,,NL,MAN,KG,,,14,,,,,,,,7,17,2,,27,,,,,0.02,,,,0.01,,,
Kalkstikstof,24-Feb-12,,NL,MAN,KG,,,21,,,,,,,,,,,60,,,,,,,,,,,,,
Entec 25+15,24-Feb-12,,NL,MAN,KG,,,25,,,,,,,,15,,,,,,,,,,,,,,,,
IJzerchelaat,24-Feb-12,,NL,MAN,LIT,1.31,,,,,,,,,,,,,,,,,,,,,6,,,,,
Basfoliar 36 Extra,24-Feb-12,,NL,MAN,LIT,1.35,,27,,,,,,,,,,3,,,,,0.2,,,0.005,0.02,1,0.01,,,
Basfoliar Combi-stipp,24-Feb-12,,NL,MAN,LIT,1.5,,9,,,,,,,,,,1,15,,,,,,0.2,,,0.4,0.01,,,
Basfoliar 12+4+6,24-Feb-12,,NL,MAN,LIT,1.2,,12,,,,,,,,4,6,,,,,,0.01,,0.01,0.001,,0.01,0.005,,,
Nutribor,24-Feb-12,,NL,MAN,LIT,0.65,,6,,,,,,,,,,5,,22.5,,,,,8,0.04,,1,0.1,,,
Selon,24-Feb-12,,NL,MAN,LIT,,,5.8,,,,,,,,11.2,9.1,,,33,,,,,,,,,,,,
Aspergezout,24-Feb-12,,NL,MAN,KG,2.17,,,,,,,,,,,,10,,,38.5,,,,,,,,,,,
Caltrac,24-Feb-12,,NL,MAN,LIT,1.686,,,,,,,,,,,,,33,,,,,,,,,,,,,
Copper Pholate,24-Feb-12,,NL,MAN,LIT,1.32,,,,,,,,,,,,,,,,,7,,,,,,,,,
Ferleaf,24-Feb-12,,NL,MAN,LIT,1.31,,,,,,,,,,,,,,,,,,,,,7.6,,,,,
Fosforzuur 59%,24-Feb-12,,NL,MAN,LIT,1.42,,,,,,,,,,42.5,,,,,,,,,,,,,,,,
Kalksalpeter vloeibaar,24-Feb-12,,NL,MAN,LIT,1.5,,8.7,,8.7,,,,,,,,,17.5,,,,,,,,,,,,,
Kopersulfaat (pentahydraat),24-Feb-12,,NL,MAN,KG,,,,,,,,,,,,,,,,,0.015,25.4,,,,0.03,,0.013,,,
Phosamco,24-Feb-12,,NL,MAN,LIT,1.172,,8.5,,8.5,,,,,,3.4,6,,,,,,0.1,,0.02,0.003,,0.11,0.06,,,
Super Spoor Maxi Fe 95,24-Feb-12,,NL,MAN,KG,,,,,,,,,,,,,,,,,,,,,,6,,,,,
Tenso Fe 6%,24-Feb-12,,NL,MAN,KG,,,,,,,,,,,,,,,,,,,,,,6,,,,,
Wuxal 8+8+6,24-Feb-12,,NL,MAN,LIT,1.235,,8,,8,,,,,,8,6,,,,,,0.007,,0.01,0.001,0.015,0.013,0.005,,,
Zwavelzuur 44.1%,24-Feb-12,,NL,MAN,LIT,1.35,,,,,,,,,,,,,,35.3,,,,,,,,,,,,
Flex Blad N 18 Mg Ca Mn,24-Feb-12,,NL,MAN,LIT,1.25,,17.7,,,,,,,,0.2,,3.2,4,,,,,,,,,0.4,,,,
NPK 22+8+8 + 3MgO,24-Feb-12,,NL,MAN,KG,,,22,,22,,,,,,8,8,3,,,,,,,,,,,,,,
Aardbeimix,24-Feb-12,,NL,MAN,KG,,,15.4,,,,,,,,14.7,7.2,3.7,,27.1,,,,,,,,,,,,
Preimix chloorarm,24-Feb-12,,NL,MAN,KG,,,20,,,,,,,,,10,4,,13,,,,,,,,,,,,
Fertichel IJzer,24-Feb-12,,NL,MAN,LIT,,,,,,,,,,,,,,,10,,,,,,,5,,,,,
Fertichel Stip,24-Feb-12,,NL,MAN,LIT,1.25,,,,,,,,,,,,,8.4,,,,,,,,,,,,,
Fertichel Zink,24-Feb-12,,NL,MAN,LIT,,,,,,,,,,,,,,,10,,,,,,,,,5,,,
Graszout Geel,24-Feb-12,,NL,MAN,KG,,,,,,,,,,,,,,,,50,57.1,,,,,,,,,,
Thomaskali 11+11+4 MgO,24-Feb-12,,NL,MAN,KG,,,,,,,,,,,11,11,4,,10,,,,,,,,,,,,
EPSO Combitop,24-Feb-12,,NL,MAN,KG,,,,,,,,,,,,,13,,32,,,1,,,,,3,2,,,
Wuxal Suspensie Nr. 3,24-Feb-12,,NL,MAN,LIT,1.6,,10,,,,,,,,,20,2,,,,,0.05,,0.02,0.001,1,0.05,0.05,,,
Wuxal P-Profi,24-Feb-12,,NL,MAN,LIT,1.29,,5,,,,,,,,20,5,,,,,,0.05,,0.02,0.001,0.1,0.05,0.05,,,
Kristalon Blauwmerk,24-Feb-12,,NL,MAN,KG,,,19,,,,,,,,6,20,3,,6.7,,,0.01,,0.025,0.004,0.07,0.04,0.025,,,
Kristalon Geel,24-Feb-12,,NL,MAN,KG,,,13,,,,,,,,40,13,,,0.9,,,0.01,,0.025,0.004,0.07,0.04,0.025,,,
Kristalon Lila,24-Feb-12,,NL,MAN,KG,,,19,,,,,,,,6,6,1,,39.4,,,0.01,,0.025,0.004,0.07,0.04,0.025,,,
Kristalon Oranje,24-Feb-12,,NL,MAN,KG,,,6,,,,,,,,12,36,3,,22,,,0.01,,0.025,0.004,0.07,0.04,0.025,,,
Kristalon Rood,24-Feb-12,,NL,MAN,KG,,,12,,,,,,,,12,36,1,,1.8,,,0.01,,0.025,0.004,0.07,0.04,0.025,,,
Kristalon Speciaal,24-Feb-12,,NL,MAN,KG,,,18,,,,,,,,18,18,3,,5,,,0.01,,0.025,0.004,0.07,0.04,0.025,,,
Kristalon Witloof,24-Feb-12,,NL,MAN,KG,,,15,,,,,,,,5,30,3,,5,,,0.01,,0.025,0.004,,0.04,0.025,,,
Kristalon Witmerk,24-Feb-12,,NL,MAN,KG,,,15,,,,,,,,5,30,3,,5.9,,,0.01,,0.025,0.004,0.07,0.04,0.025,,,
Multi-Cal K,24-Feb-12,,NL,MAN,KG,,,14,,,,,,,,,28,,,,,,,,,,,,,,,
NP 23+7,24-Feb-12,,NL,MAN,KG,,,23,,,,,,,,7,,,,,,,,,,,,,,,,
NP 24+8 + 17.5SO3,24-Feb-12,,NL,MAN,KG,,,24,,,,,,,,8,,,,17.5,,,,,,,,,,,,
NK 17+17 (preimix),24-Feb-12,,NL,MAN,KG,,,17,,,,,,,,,17,,,,,,,,,,,,,,,
NPK 11+15+28 chloorhoudend,24-Feb-12,,NL,MAN,KG,,,11,,,,,,,,15,28,,,,,,,,,,,,,,,
NPK 13+5+17+3MgO+18SO3,24-Feb-12,,NL,MAN,KG,,,13,,,,,,,,5,17,3,,18,,,,,,,,,,,,
NK 15+15 chloorarm,24-Feb-12,,NL,MAN,KG,,,15,,,,,,,,,15,,,,,,,,,,,,,,,
NPK 15+5+16+3MgO+4SO3,24-Feb-12,,NL,MAN,KG,,,15,,,,,,,,5,16,3,,4,,,,,,,,,,,,
NPK 15+5+20+2MgO,24-Feb-12,,NL,MAN,KG,,,15,,,,,,,,5,20,2,,,,,,,,,,,,,,
NPK 17+17+17 chloorhoudend,24-Feb-12,,NL,MAN,KG,,,17,,,,,,,,17,17,,,,,,,,,,,,,,,
NK 17.5+18+3MgO,24-Feb-12,,NL,MAN,KG,,,17.5,,,,,,,,,18,3,,,,,,,,,,,,,,
PK 11+21,24-Feb-12,,NL,MAN,KG,,,,,,,,,,,11,21,,,,,,,,,,,,,,,
PK 13+28,24-Feb-12,,NL,MAN,KG,,,,,,,,,,,13,28,,,,,,,,,,,,,,,
Gafsa zacht natuurfosfaat,24-Feb-12,,NL,MAN,KG,,,,,,,,,,,27,,,37,,,,,,,,,,,,,
Kristalon Grijs,24-Feb-12,,NL,MAN,KG,,,6,,,,,,,,12,36,3,,20,,,0.01,,0.025,0.004,,0.04,0.025,,,
Kristalon Zwart,24-Feb-12,,NL,MAN,KG,,,18,,,,,,,,6,24,2,,4.6,,,0.01,,0.025,0.004,,0.04,0.025,,,
Magnesiumnitraat,24-Feb-12,11-Jun-12,NL,MAN,LIT,1.38,,6.9,,,,,,,,,,8,,,,,,,,,,2.7,,,,
Unika Kali,24-Feb-12,,NL,MAN,KG,,,13,,,,,,,,,45,,,,,,,,,,,,,,,
Fervent Greenleaf,24-Feb-12,11-Jun-12,NL,MAN,LIT,1.29,,6,,,,,,,,,,7.8,,,,,,,,,,1.2,,,,
Mais-Map 27+10 + 0.2B,24-Feb-12,,NL,MAN,KG,,,27,,,,,,,,10,,,,,,,,,0.2,,,,,,,
NPK 15+8+24 chloorhoudend,24-Feb-12,,NL,MAN,KG,,,15,,,,,,,,8,24,,,,,,,,,,,,,,,
NPK 21+7+14,24-Feb-12,,NL,MAN,KG,,,21,,,,,,,,7,14,,,,,,,,,,,,,,,
Kristalon Azur,24-Feb-12,,NL,MAN,KG,,,20,,,,,,,,5,10,3,,25,,,0.01,,0.025,0.004,0.07,0.04,0.025,,,
NPK 14+10+24,24-Feb-12,,NL,MAN,KG,,,14,,,,,,,,10,24,,,,,,,,,,,,,,,
NPK 3+10+30,24-Feb-12,,NL,MAN,KG,,,3,,,,,,,,10,30,,,,,,,,,,,,,,,
Kaliumfosfiet,24-Feb-12,11-Jun-12,NL,MAN,KG,,,,,,,,,,,44,58,,,,,,,,,,,,,,,
ACS Kaliumfosfiet Plus,24-Feb-12,,NL,MAN,LIT,1.4,,3,,,,,,,,27,18,,,,,,,,,,,,,,,
ACS Magnesiumnitraat,24-Feb-12,,NL,MAN,LIT,1.33,,6.8,,,,,,,,,,10,,,,,,,,,,,,,,
ACS Mangaannitraat 235,24-Feb-12,,NL,MAN,LIT,1.56,,7.7,,,,,,,,,,,,,,,,,,,,15,,,,
Agripotash 500,24-Feb-12,,NL,MAN,LIT,1.515,,,,,,,,,,,33,,,,,,,,,,,,,,,
ATS-oplossing,24-Feb-12,,NL,MAN,LIT,1.3,,12,,,,,,,,,,,,26,,,,,,,,,,,,
Caltrac ZB,24-Feb-12,,NL,MAN,LIT,1.724,,,,,,,,,,,,,32.4,,,,,,0.2,,,,1.8,,,
Coptrel Blauw 400,24-Feb-12,,NL,MAN,LIT,1.523,,,,,,,,,,,,,,,,,26.3,,,,,,,,,
Ferritrac 54,24-Feb-12,,NL,MAN,LIT,1.391,,,,,,,,,,,,,,,,,,,,,3.9,,,,,
Manamag,24-Feb-12,,NL,MAN,LIT,1.56,,,,,,,,,,,,23.4,,,,,,,,,,8,0.6,,,
Resistim,24-Feb-12,,NL,MAN,LIT,1.22,,,,,,,,,,14.4,10.9,,,,,,,,,,,,,,,
Zinc-metalosate,24-Feb-12,,NL,MAN,LIT,1.25,,,,,,,,,,,,,,,,,,,,,,,6.8,,,
Zwavel F3000,24-Feb-12,,NL,MAN,LIT,1.321,,,,,,,,,,,,,,25.7,,,,,,,,,,,,
NP 9+14 (Kemira),24-Feb-12,,NL,MAN,KG,,,9,,,,,,,,14,,,,38,,,,,,,,,,,,
Bluesulfaat,24-Feb-12,,NL,MAN,TON,1.21,,80,,,,,,,,,,,,225,,,,,,,,,,,,
Anasol,24-Feb-12,,NL,MAN,TON,1.25,,150,,,,,,,,,,,,100,,,,,,,,,,,,
Nitrosol,24-Feb-12,,NL,MAN,TON,,,150,,,,,,,,,,,,10,,,,,,,,,,,,
Powerstart,24-Feb-12,,NL,MAN,LIT,1.492,,,,,,,,,,44,7.5,6.7,,,,,,,,,,,4.6,,,
NP 26+6 + Zwavel 11SO3,24-Feb-12,,NL,MAN,KG,,,26,,,,,,,,6,,,,11,,,,,,,,,,,,
Fersoil,24-Feb-12,,NL,MAN,LIT,1.31,,,,,,,,,,,,,,,,,,,,,3.2,,,,,
Wortelmix,24-Feb-12,11-Jun-12,NL,MAN,KG,,,3.3,,,,,,,,8.8,24.3,2.8,,,,,,,,,,,,,,
Kemistar,24-Feb-12,,NL,MAN,KG,,,22,,,,,,,,8,,,,5,,,,,,,,,,,,
Ammoniumsulfaat,24-Feb-12,,NL,MAN,KG,,,21,,,,,,,,,,,,,,,,,,,,,,,,
Flex NP 22+8 Zn B,24-Feb-12,,NL,MAN,LIT,1.25,,21.8,,,,,,,,7.8,,,,2,,,,,0.5,,,,0.3,,,
Masterkali,24-Feb-12,,NL,MAN,KG,,,16,,,,,,,,,20,2,,,,,,,,,,,,,,
Gips,24-Feb-12,11-Jun-12,NL,MAN,KG,,,11,,,,,,,,,,16,,,,,,,,,,,,,,
Tuba,24-Feb-12,,NL,KLK,KG,,,,,,,,,,,,,,30,45,,,,,,,,,,,,
Tuba Plus,24-Feb-12,,NL,MAN,LIT,1.2,,,,,,,,,,14.4,10.9,,,,,,,,,,,,,,,
Profikali,24-Feb-12,,NL,MAN,LIT,1.2,,6.3,,,,,,,,9.6,8.3,,,,,,,,,,,,,,,
PPL,24-Feb-12,,NL,MOR,KG,,,15,,,,,,,,,22,,,,,,,,,,,,,,,
PPL-plus,24-Feb-12,,NL,MOR,TON,,,25,5,20,,,,,,13,75,,,20,,5,,,,,,,,,,
NatuC,24-Feb-12,,NL,MOR,TON,,,13,4,9,,,,,,7,150,,,160,,5,,,,,,,,,,
Kalimix,24-Feb-12,,NL,MOR,TON,1.82,,15,10,5,,,,,,10,240,1.5,,300,,,,,,,,,,,,
NPK 12+6+18 + 3MgO,24-Feb-12,,NL,MAN,KG,,,12,,,,,,,,6,18,3,,,,,,,,,,,,,,
NPK 14+12+24,24-Feb-12,11-Jun-12,NL,MAN,KG,,,14,,,,,,,,12,24,,,,,,,,,,,,,,,
NPK 13+4+26,24-Feb-12,,NL,MAN,KG,,,13,,,,,,,,4,26,,,,,,,,,,,,,,,
NPK 13+10+23 + 6SO3,24-Feb-12,,NL,MAN,KG,,,13,,,,,,,,10,23,,,6,,,,,,,,,,,,
Maisbooster,24-Feb-12,,NL,MAN,LIT,,,14,,,,,,,,29,,,,,,,,,,,,,6,,,
Perlka,24-Feb-12,,NL,MAN,KG,,,20,,,,,,,,,,,55,,,,,,,,,,,,,
NK 9+36 chloorarm,24-Feb-12,,NL,MAN,KG,,,9,,,,,,,,,36,,,,,,,,,,,,,,,
NP 26+4,24-Feb-12,,NL,MAN,KG,,,26,,,,,,,,4,,,,,,,,,,,,,,,,
Algospeed 5+23+36,24-Feb-12,,NL,MAN,KG,,,5,,,,,,,,23,36,3,,,,,0.002,,0.01,0.001,0.07,0.01,0.002,,,
Algospeed Flo 15+15+15,24-Feb-12,,NL,MAN,LIT,1.5,,15,,,,,,,,15,15,2,6,,,,0.002,,0.01,0.001,0.07,0.01,0.002,,,
Humifirst,24-Feb-12,,NL,MAN,LIT,,,16,,,,,,,,11,,,,,,,,,,,,,,,,
Power Basic 20+10+0+7 SO3,24-Feb-12,,NL,MAN,LIT,,,20,,,,,,,,10,,,,7,,,,,,,,,,,,
Ureum oplossing 40%,24-Feb-12,,NL,MAN,LIT,1.95,,40,,,,,,,,,,,,,,,,,,,,,,,,
Ijzersulfaat,24-Feb-12,,NL,MAN,KG,,,,,,,,,,,,,,,,,,,,,,19.7,,,,,
Flex Pootgoed NP 12+16 S B Zn,24-Feb-12,,NL,MAN,LIT,1.24,,11.7,,,,,,,,15.7,,,,2,,,,,0.4,,,,0.3,,,
NPK 14+7+20,24-Feb-12,,NL,MAN,KG,,,14,,,,,,,,7,20,,,,,,,,,,,,,,,
Spruitenmix 15+0+20 + 3MgO + 7,24-Feb-12,,NL,MAN,KG,,,15,,,,,,,,,20,3,,7,,,,,,,,,,,,
Florisan,24-Feb-12,,NL,MAN,LIT,,,,,,,,,,,,,,,,,,,,,,,,,,,
Magnum HF,24-Feb-12,,NL,MAN,LIT,1.5,,20,,,,,,,,,15,4,,,,,0.05,,0.02,0.001,0.1,0.05,0.05,,,
Calvin HF,24-Feb-12,,NL,MAN,LIT,1.4,,10,,,,,,,,,,2,15,,,,,,0.03,,,0.4,0.01,,,
Top Trace Magnesiumnitraat,24-Feb-12,11-Jun-12,NL,MAN,LIT,1.35,,6.9,,,,,,,,,,8,,,,,,,,,,2.9,,,,
Total Care,24-Feb-12,,NL,MAN,LIT,1.21,,9.3,,,,,,,,0.9,1.9,1.9,,,,,,,,,,0.9,,,,
Pre-Tect,24-Feb-12,,NL,MAN,KG,,,,,,,,,,,,,,,,,,0.5,,,,10,2,2,,,
NP 27+4 + 10SO3,24-Feb-12,,NL,MAN,KG,,,27,,,,,,,,4,,,,10,,,,,,,,,,,,
Flex Biet NP 18+1 Na B,24-Feb-12,,NL,MAN,LIT,1.2,,18,,,,,,,,1.3,,,,,5.25,,,,0.88,,,,,,,
Flex Biet NP 16+7 Na B,24-Feb-12,,NL,MAN,LIT,1.21,,15.7,,,,,,,,6.7,,,,0.7,4,,,,0.1,,,,,,,
Flex Ma√Øs NP 18+14 B Zn,24-Feb-12,,NL,MAN,LIT,1.24,,17.7,,,,,,,,13.7,,,,0.9,,,,,0.2,,,,0.2,,,
Flex Pootgoed NP 7+18 B S Zn,24-Feb-12,,NL,MAN,LIT,1.25,,7.8,,,,,,,,17.7,,,,1.6,,,,,0.5,,,,0.4,,,
Flex Ma√Øs NP 22+5 B,24-Feb-12,,NL,MAN,LIT,1.25,,21.8,,,,,,,,4.8,,,,1.5,,,,,0.3,,,,,,,
Flex Kool NP 22+5 B Mg,24-Feb-12,,NL,MAN,LIT,1.26,,21.7,,,,,,,,4.7,,1.2,,3.5,,,,,0.5,,,,,,,
Foliarel N-Plus,24-Feb-12,,NL,MAN,LIT,1.25,,28,,,,,,,,,,,,,,,,,,,,,,,,
NPK 13.5+10+21,24-Feb-12,,NL,MAN,KG,,,13.5,,,,,,,,10,21,,,,,,,,,,,,,,,
NK Mix 14+0+27,24-Feb-12,,NL,MAN,KG,,,14,,,,,,,,,27,,,,,,,,,,,,,,,
Power Start Food,24-Feb-12,,NL,MAN,LIT,1.49,,,,,,,,,,29.5,5,,,,,,,,,,,,,,,
Power Start Feed,24-Feb-12,,NL,MAN,LIT,,,10.4,,,,,,,,21.5,,,,,,,,,,,,,,,,
Power Basic 11+31+ 6 SO3,24-Feb-12,,NL,MAN,LIT,,,11,,,,,,,,31,,,,6,,,,,,,,,,,,
Power Basic 13+20+10 SO3,24-Feb-12,,NL,MAN,LIT,,,13,,,,,,,,20,,,,10,,,,,,,,,,,,
Power Basic 20+6 SO3,24-Feb-12,,NL,MAN,LIT,,,20,,,,,,,,,,,,6,,,,,,,,,,,,
Power Basic 26+6 SO3,24-Feb-12,,NL,MAN,LIT,,,26,,,,,,,,,,,,6,,,,,,,,,,,,
Power Basic 24+2+4.3 SO3,24-Feb-12,,NL,MAN,LIT,,,24,,,,,,,,2,,,,4.3,,,,,,,,,,,,
Power Basic 24+7.7 SO3,24-Feb-12,,NL,MAN,LIT,,,24,,,,,,,,,,,,7.7,,,,,,,,,,,,
Power Basic 20+5+10 SO3,24-Feb-12,,NL,MAN,LIT,,,20,,,,,,,,5,,,,10,,,,,,,,,,,,
Power Basic 22+6+6 SO3,24-Feb-12,,NL,MAN,LIT,,,22,,,,,,,,6,,,,5,,,,,,,,,,,,
Power Basic 21+2.5 SO3,24-Feb-12,,NL,MAN,LIT,,,21,,,,,,,,,,,,2.5,,,,,,,,,,,,
Power Leaf Mangaan Magnesium N,24-Feb-12,,NL,MAN,LIT,,,7.8,,,,,,,,,,,,,,,,,,,,,,,,
Power Leaf Quattro Plus,24-Feb-12,,NL,MAN,LIT,,,18,,,,,,,,,,,,10,,,,,,,,,,,,
Power Leaf Trio Plus,24-Feb-12,,NL,MAN,LIT,,,18,,,,,,,,,,,,6.1,,,,,,,,,,,,
Vercal Extra,24-Feb-12,,NL,MAN,LIT,1.25,,12,,,,,,,,,,2.4,18,,,,,,,,,,,,,
DCM Bloedmeel,24-Feb-12,,NL,MOR,KG,,,13,13,,,,,,,,,,,,,,,,,,,,,,,
Bloedmeel N13,24-Feb-12,,NL,MOR,KG,,,12,9.6,2.4,,,,,,,,,,,,,,,,,,,,,,
Culterra Verrijkte Koemest,24-Feb-12,,NL,MOR,KG,0.65,,7,,,,,,,,3,4,1.05,5,3.8,,0.7,,,,,,,,,,
D.P.F.,24-Feb-12,,NL,MOR,TON,1.2,,10,9.9,0.1,,,,,,0.5,115,0.1,,20,,,,,,,,,,,,
GFT-landbouwcompost (RET),,,NL,MOR,TON,,,10,9,1,,,,,,4.5,7.3,2.4,17,,,,0.0265,,,,,,0.1081,,,
Groencompost,24-Feb-12,,NL,MOR,TON,,,1.8,1.8,,,,,,,0.2,1.2,,,,,,,,,,,,0.04,,,
Schorscompost,24-Feb-12,,NL,MOR,TON,,,2,2,,,,,,,0.2,0.4,0.3,,,0.2,,,,,,,,,,,
Heidecompost,24-Feb-12,,NL,MOR,TON,,,4,4,,,,,,,0.41,,,,,,,,,,,,,0.016,,,
Veen,24-Feb-12,,NL,MOR,TON,,,8.5,7.5,1,,,,,,4.5,8,2.5,10,,,,0.03,,,,,,0.1,,,
Biocal Solid,24-Feb-12,,NL,MOR,TON,,,9.37,8.43,0.94,,,,,,18.73,1.52,,,,,,0.0102,,,,,,0.0462,,,
Org-e-vit,24-Feb-12,,NL,MOR,KG,,,4,3.6,0.4,,,,,,2.5,2.3,1.1,9.3,,,,,,,,,,,,,
Fertor,24-Feb-12,,NL,MOR,KG,,,4.5,4.1,0.4,,,,,,2.7,2.3,1.1,9.3,,,,,,,,,,,,,
Radovit,24-Feb-12,,NL,MOR,KG,,,4.7,3.9,0.8,,,,,,2.5,3,1,3,,,,,,,,,,,,,
Activit,24-Feb-12,,NL,MOR,KG,,,3.6,3.24,0.36,,,,,,2.8,2.2,1.5,2,,,,,,,,,,,,,
Fertiplus-P,24-Feb-12,,NL,MOR,KG,,,4,3.6,0.4,,,,,,10,2,0.5,14,0.5,0.4,0.4,,,,,,,,,,
Fertiplus-K,24-Feb-12,,NL,MOR,KG,,,4,3.6,0.4,,,,,,2,10,0.5,9,29,14,4,,,,,,,,,,
Fertiplus,24-Feb-12,,NL,MOR,KG,,,4.3,3.9,0.4,,,,,,3.2,3.2,1,2.1,,0.5,0.5,,,,,,,,,,
Terra-vit,24-Feb-12,,NL,MOR,KG,,,2.5,2.2,0.3,,,,,,1.8,1.8,0.6,3,,,,,,,,,,,,,
Siforga-Balans,24-Feb-12,,NL,MOR,KG,,,4,3.6,0.4,,,,,,4,4,1.1,9.3,,,,,,,,,,,,,
Siforga-N,24-Feb-12,,NL,MOR,KG,,,7,6,1,,,,,,4,4,,,,,,,,,,,,,,,
Siforga-K,24-Feb-12,,NL,MOR,KG,,,5,4.6,0.4,,,,,,3,8,0.8,9.1,,,,,,,,,,,,,
Monterra-N+,24-Feb-12,,NL,MOR,KG,,,13,11.5,1.5,,,,,,,0.5,,,,,,,,,,,,,,,
Beendermeel,24-Feb-12,,NL,MOR,KG,,,6,0.4,,,,,,,16,,,,,,,,,,,,,,,,
Guano,24-Feb-12,,NL,MOR,KG,,,14,9.8,,,,,,,11,3,0.4,12,,,,,,,,,,,,,
Verenmeel,24-Feb-12,,NL,MOR,KG,,,14,,,,,,,,,,,,,,,,,,,,,,,,
DCM Mix 1,24-Feb-12,,NL,MOR,KG,,,6,4,2,,,,,,7,8,,,,,,,,,,,,,,,
DCM Mix 5,24-Feb-12,,NL,MOR,KG,,,10,4.5,5.5,,,,,,4,8,3,,,,,,,,,,,,,,
DCM Mix 6,24-Feb-12,,NL,MOR,KG,,,6,3.5,2.5,,,,,,3,18,3,,,,,,,,,,,,,,
DCM ECO-Mix 1,24-Feb-12,,NL,MOR,KG,,,9,9,,,,,,,3,3,,,,,,,,,,,,,,,
Haspargit,24-Feb-12,,NL,MOR,KG,,,,,,,,,,,3,21,7,21,,,,,,,,,,,,,
Nutricel,24-Feb-12,,NL,MOR,TON,1.5,,6,4.5,1.5,,,,,,2,25,0.2,,2.5,,,,,,,,,,,,
Cerecal Solid,24-Feb-12,,NL,MOR,TON,,,5.1,,,,,,,,12.4,0.6,2.8,,,,,,,,,,,,,,
Bavacal Solid,24-Feb-12,,NL,MOR,TON,,,8.2,,,,,,,,8.4,1.5,3.1,,,,,,,,,,,,,,
Biopost,24-Feb-12,,NL,MOR,TON,,,9.2,8.8,0.4,,,,,,3.6,8.3,2.2,,4,,,,,,,,,79,,,
Trobas Solid,24-Feb-12,,NL,MOR,TON,,,11.6,10.8,0.8,,,,,,3.7,2,0.4,,,,,,,,,,,,,,
Zeer schone compost,24-Feb-12,,NL,MOR,TON,,,10,9,1,,,,,,4.5,7.3,2.4,17,,,,0.0265,,,,,,0.1081,,,
Kalvergier (bewerkt),24-Feb-12,,NL,MOR,TON,1.3,,3.2,0.1611,3.0389,,,,,,6.8,6.8,0.2,,0.8,1,,,,,,,,,,,
Geiten drijfmest (60),24-Feb-12,,NL,MOR,TON,0.8,,8.8,4.49,4.31,,,,,,4.1,10.6,3.5,,0.24,1.9,,,,,,,,,,,
Ezels vaste mest,24-Feb-12,,NL,MOR,TON,0.7,,5,4,1,,,,,,3,5.5,1.8,,,,,,,,,,,,,,
Damherten vaste mest,24-Feb-12,,NL,MOR,TON,0.7,,7.1,5.68,1.42,,,,,,5.3,5.5,1.8,,,,,,,,,,,,,,
Struisvogels vaste mest,24-Feb-12,,NL,MOR,TON,0.535,,23.1,17.0976,6.0024,,,,,,18.7,17.1,6.3,,3.8,7.3,,,,,,,,,,,
Edelherten vaste mest,24-Feb-12,,NL,MOR,TON,0.7,,7.1,5.68,1.42,,,,,,5.3,5.5,1.8,,,,,,,,,,,,,,
Waterbuffel drijfmest,24-Feb-12,,NL,MOR,TON,,,4.5,0.8,3.7,,,,,,1.9,4.9,1.3,,0.72,,,,,,,,,,,,
Waterbuffel vaste fmest,24-Feb-12,,NL,MOR,TON,,,4.5,0.8,3.7,,,,,,1.9,4.9,1.3,,0.72,,,,,,,,,,,,
Ganzen vaste mest (Knobbelgans,24-Feb-12,,NL,MOR,TON,0.9,,8.9,6.5736,2.3264,,,,,,8.1,7,1.6,,3.8,0.8,,,,,,,,,,,
Ganzen vaste mest (Grauwe gans,24-Feb-12,,NL,MOR,TON,0.9,,8.9,6.5736,2.3264,,,,,,8.1,7,1.6,,3.8,0.8,,,,,,,,,,,
Fazantenmest,24-Feb-12,,NL,MOR,TON,0.6,,32.6,29.34,3.26,,,,,,17.7,18.5,4.8,,2.2,1,,,,,,,,,,,
Patrijzenmest,24-Feb-12,,NL,MOR,TON,0.6,,32.6,29.34,3.26,,,,,,17.7,18.5,4.8,,2.2,1,,,,,,,,,,,
Emoemest,24-Feb-12,,NL,MOR,TON,0.65,,23.1,21,2.1,,,,,,18.7,15.45,4.9,,2.4,1.5,,,,,,,,,,,
Nandoemest,24-Feb-12,,NL,MOR,TON,0.65,,23.1,21,2.1,,,,,,18.7,15.45,4.9,,2.4,1.5,,,,,,,,,,,
Vleesduivenmest,24-Feb-12,,NL,MOR,TON,0.65,,23.1,21,2.1,,,,,,18.7,15.45,4.9,,2.4,1.5,,,,,,,,,,,
Bruine rattenmest,24-Feb-12,,NL,MOR,TON,0.6,,11.9,9.0425,2.8575,,,,,,11.7,11,5.7,,0.24,2.2,,,,,,,,,,,
Tamme muizenmest,24-Feb-12,,NL,MOR,TON,0.6,,11.9,9.0425,2.8575,,,,,,11.7,11,5.7,,0.24,2.2,,,,,,,,,,,
Caviamest,24-Feb-12,,NL,MOR,TON,0.6,,11.9,9.0425,2.8575,,,,,,11.7,11,5.7,,0.24,2.2,,,,,,,,,,,
Goudhamstermest,24-Feb-12,,NL,MOR,TON,0.6,,11.9,9.0425,2.8575,,,,,,11.7,11,5.7,,0.24,2.2,,,,,,,,,,,
Gerbilmest,24-Feb-12,,NL,MOR,TON,0.6,,11.9,9.0425,2.8575,,,,,,11.7,11,5.7,,0.24,2.2,,,,,,,,,,,
DCM Vivikali,24-Feb-12,,NL,MOR,KG,,,2,2,,,,,,,,20,,,,,,,,,,,,,,,
TopTrace Inca,24-Feb-12,,NL,MAN,LIT,1.3,,4.8,,,,,,,,,,,5,,,,,,,,,,1,,,
Plonuran,24-Feb-12,,NL,MAN,LIT,1.34,,,,,,,,,,,,,,,,,22.4,,,,,,,,,
N-Eco 18,24-Feb-12,,NL,MAN,LIT,,,18,,,,,,,,,,,,,,,,,,,,,,,,
Novurea,24-Feb-12,,NL,MAN,KG,,,46,,,,,,,,,,,,,,,,,,,,,,,,
Novurea + S,24-Feb-12,,NL,MAN,KG,,,38.5,,,,,,,,,,,,18,,,,,,,,,,,,
Turbo (Ammoniumsulfaat),24-Feb-12,,NL,MAN,KG,,,21,,,,,,,,,,,,,,,,,,,,,,,,
Fertraat,24-Feb-12,11-Jun-12,NL,MOR,TON,1.2,,7.5,0.5,7,,,,,,0.1,11,,,,,,,,,,,,,,,
Masterbietenzout,24-Feb-12,11-Jun-12,NL,MAN,KG,,,,,,,,,,,,,,,,50,,,,0.2,,,,,,,
NK 16-32,24-Feb-12,,NL,MAN,KG,,,16,,,,,,,,,32,,,,,,,,,,,,,,,
Sulfammo 18,24-Feb-12,,NL,MAN,KG,,,18,,,,,,,,,18,1,,6,,,,,,,,,,,,
Sulfammo 20,24-Feb-12,,NL,MAN,KG,,,20,,,,,,,,,,3,,35,,,,,,,,,,,,
Sulfammo 26,24-Feb-12,,NL,MAN,KG,,,26,,,,,,,,,,3,,28,,,,,,,,,,,,
NK 16-30,24-Feb-12,,NL,MAN,KG,,,16,,,,,,,,,30,,,,,,,,,,,,,,,
Physiostart,24-Feb-12,,NL,MAN,KG,,,8,,,,,,,,28,,,,23,,,,,,,,,2,,,
NPK 10-10-28,24-Feb-12,,NL,MAN,KG,,,10,,,,,,,,10,28,,,,,,,,,,,,,,,
NP 10-34 vloeibaar,24-Feb-12,,NL,MAN,LIT,1.4,,10,,,,,,,,34,,,,,,,,,,,,,,,,
Top Trace Total N,24-Feb-12,,NL,MAN,LIT,1.13,,17.4,,,,,,,,,,0.8,,,,,,,,,,0.3,,,,
Bladkali TS,24-Feb-12,,NL,MAN,LIT,1.2,,,,,,,,,,,25,,,42,,,,,,,,,,,,
Kali-50,24-Feb-12,,NL,MAN,KG,,,,,,,,,,,,41.6,,,,,,,,,,,,,,,
Wuxal suspensie (combi Mg),24-Feb-12,,NL,MAN,LIT,1.5,,20,,,,,,,,,15,4,,,,,0.05,,0.02,0.001,0.1,0.05,0.05,,,
NP 20-11,24-Feb-12,,NL,MAN,KG,,,20,,,,,,,,11,,,,,,,,,,,,,,,,
Flex 1345 Bloembol NPK 19+8+1,24-Feb-12,,NL,MAN,LIT,1.2,,19,,,,,,,,8,1,,,,,,,,,,,,,,,
Flex 1278 Tulp NPK 16+10+1,24-Feb-12,,NL,MAN,LIT,1.17,,15.7,,,,,,,,9.7,1,1.2,,4.4,,,0.2,,,,,0.7,0.4,,,
Flex 1416 Kool NPK 22-+2+1,24-Feb-12,,NL,MAN,LIT,1.2,,21.7,,,,,,,,2,1,,,,,,,,,,,,,,,
Flex 1255 Blad N 18,24-Feb-12,,NL,MAN,LIT,1.2,,17.7,,,,,,,,0.2,,1.5,6.6,,,,,,,,,0.3,,,,
Flex 1280 Lelie NP 17+9,24-Feb-12,,NL,MAN,LIT,1.21,,16.7,,,,,,,,8.6,,1.2,,1.1,,,,,,,,0.3,,,,
GS Growsol Ammoniumsulfaat,24-Feb-12,,NL,MAN,KG,1.2,,3.33,,,,,,,,,,,,8.33,,,,,,,,,,,,
Xurian Optimum,24-Feb-12,,NL,MAN,KG,,,,,,,,,,,,,,,,,,,,5,,,,0.8,,,
PRP Sol,24-Feb-12,,NL,KLK,KG,,,,,,,,,,,,,8,35,,,,,,,,,,,,,
Digestaat Betafert (dikke fractie),15-Apr-12,,NL,MOR,TON,,,4.5,1,3.5,,,,,,2.5,4.5,0.5,,,,,,,,,,,,,,
Digestaat Betafert (dunne fractie),15-Apr-12,,NL,MOR,TON,,,8,4,4,,,,,,7,5.5,1.8,,,,,,,,,,,,,,
Masterkali 13-0-25,10-Oct-12,,NL,MAN,KG,,,13,,,,,,,,,28,2,1.6,23,,,,,,,,,,,,
Step Hi-mag,10-Oct-12,,NL,MAN,KG,,,,,,,,,,,,,19.9,,19.7,,,0.5,,,,8,3,1,,,
Nutrisphere,10-Oct-12,,NL,MAN,KG,,,46,,46,,,,,,,,,,,,,,,,,,,,,,
Jett,10-Oct-12,,NL,MAN,LIT,,,,,,,,,,,,,23.5,,,,,,,,,,,,,,
Vegetal+,10-Oct-12,,NL,MAN,LIT,,,11.5,,,,,,,,7.6,5.7,,,,,,,,,,,,,,,
Mag500,10-Oct-12,,NL,MAN,LIT,,,,,,,,,,,,,50,,,,,,,,,,,,,,
Spirit,10-Oct-12,,NL,MAN,LIT,,,8,,,,,,,,,,5.3,,26,,,,,,,,19.5,,,,
Efficien-n-t-28,10-Oct-12,,NL,MAN,LIT,1.25,,28,,,,,,,,,,,,,,,,,,,,,,,,
Humostart,10-Oct-12,,NL,MAN,KG,,,11,,,,,,,,50,,,,,,,,,,,,,1,,,
Alloy-Basis,10-Oct-12,,NL,MAN,KG,,,,,,,,,,,,,16.9,29.6,,0.15,,2.7,0.001,0.04,0.004,0.18,0.16,,,,
Alloy-Mangaan Speciaal,10-Oct-12,,NL,MAN,KG,,,,,,,,,,,,,15,26.9,,,,,,,,1.7,10,,,,
Betafert,10-Oct-12,,NL,MOR,TON,,,3.9,0.9,3,,,,,,1.1,3.5,,,,,,,,,,,,,,,
DCM Mix 2,,,NL,MAN,KG,,,7,,,,,,,,6,12,4,,,,,,,,,,,,,,
Magnitra,,,NL,MAN,LIT,1.35,,7,,,,,,,,,,10,,,,,,,,,,,,,,
Mangaan-/Magnesiumnitraat,,,NL,MAN,LIT,,,7.8,,,,,,,,,,10,,,,,,,,,,1.6,,,,
Kaliumfosfiet,,,NL,MAN,LIT,1.41,,,,,,,,,,30,20,,,,,,,,,,,,,,,
NPK 14+12+24,,,NL,MAN,KG,,,14,,,,,,,,12,24,,,,,,,,,,,,,,,
Top Trace Mg/Mn,,,NL,MAN,LIT,,,6.9,,,,,,,,,,8,,,,,,,,,,2.7,,,,
Vivifos (DCM),,,NL,MAN,KG,,,4,,,,,,,,30,,,,,,,,,,,,,,,,
NK Mix 15+31,,,NL,MAN,KG,,,15,,,,,,,,,31,,,,,,,,,,,,,,,
Bietenmix,,,NL,MAN,KG,,,15.5,,,,,,,,,,1.4,0.2,6.3,18.5,,,,,,,,,,,
Topmix (18+0+18),,,NL,MAN,KG,,,18,,,,,,,,,18,,,,,,,,,,,,,,,
Orgaplus Sierteelt,,,NL,MAN,KG,,,3,,,,,,,,3,3,0.95,10,3.5,,,6.4,,2.7,,8.2,27.9,22,,,
Orgaplus Bloembollen,,,NL,MAN,KG,,,3,,,,,,,,3,3,0.95,10,3.5,,,6.4,,2.7,,8.2,27.9,22,,,
Foliplus Borium,,,NL,MAN,LIT,1.36,,,,,,,,,,,,,,,,,,,11,,,,,,,
Foliplus Duo Ca+Mg,,,NL,MAN,LIT,1.46,,8.3,,,,,,,,,,2.5,9.05,,,,,,,,,,,,,
Foliplus Duo Ca+B,,,NL,MAN,LIT,1.44,,,,,,,,,,,,,11.8,,,,,,6.95,,,,,,,
Foliplus Koper,,,NL,MAN,LIT,1.35,,,,,,,,,,,,,,,,,25,,,,,,,,,
Foliplus Magnesium,,,NL,MAN,LIT,1.35,,7.05,,,,,,,,,,10,,,,,,,,,,,,,,
Foliplus Magnesiumnitraat,,,NL,MAN,LIT,1.48,,6.75,,,,,,,,,,13.5,,,,,,,,,,,,,,
Foliplus Duo Mn+Mg,,,NL,MAN,LIT,1.46,,6.5,,,,,,,,,,7.4,,,,,,,,,,2.75,,,,
Foliplus Kali,,,NL,MAN,LIT,1.5,,3,,,,,,,,,33,,,,,,,,,,,,,,,
Foliplus Protein,,,NL,MAN,LIT,1.31,,21,,,,,,,,,,3,,8,,,,,,,,,,,,
Foliplus Total N,,,NL,MAN,LIT,1.13,,17.4,,,,,,,,,,,,,,,,,,,,,,,,
Foliplus Amino NPK,,,NL,MAN,LIT,1.38,,14.5,,,,,,,,14.5,14.5,,,,,,,,,,,,,,,
Top Trace Efficiency N,,,NL,MAN,LIT,1.18,,18.4,,,,,,,,,,,,,,,,,,,,,,,,
Foliplus Mangaancarbonaat,,,NL,MAN,LIT,1.49,,,,,,,,,,,,,,,,,,,,,,26,,,,
NP 20+8 + 6MgO + 12SO3,,,NL,MAN,KG,,,20,,,,,,,,8,,6,,12,,,,,,,,,,,,
Power Start 13+14 + 7 SO3,,,NL,MAN,LIT,,,13,,,,,,,,14,,,,7,,,,,,,,,,,,
Power Leaf Kali PlusS,,,NL,MAN,LIT,,,,,,,,,,,,25,,,42,,,,,,,,,,,,
Foliplus Mangaannitraat,,,NL,MAN,LIT,1.4,,7.1,,,,,,,,,,,,,,,,,,,,14.2,,,,
CuForte,,,NL,MAN,LIT,1.53,,,,,,,,,,,,,,,,,25,,,,,,,,,
HF Koper 435,,,NL,MAN,LIT,1.33,,,,,,,,,,,,,,,,,33,,,,,,,,,
Aardappel-Optimaal,,,NL,MAN,KG,,,20,,,,,,,,8,,6,,12,,,,,,,,,,,,
Aardappelmix,,,NL,MAN,KG,,,13,,,,,,,,,15.5,6,,21,,,,,,,,,,,,
Activ'N 13-0-17,,,NL,MAN,KG,,,13,,,,,,,,,17,3,3,25,,,,,,,,,,,,
K-Algo 29,,,NL,MAN,KG,,,,,,,,,,,,29,10,9,10,,,,,,,,,,,,
PhysiomaG,,,NL,KLK,KG,,,,,,,,,,,,,11,34,,,,,,,,,,,,,
Activ'N 13-5-17,,,NL,MAN,KG,,,13,,,,,,,,5,17,3,4,20,,,,,,,,,,,,
Foliplus Calcium Xtra,,,NL,MAN,LIT,1.4,,8,,,,,,,,,,,14,,,,,,,,,,,,,
PRP Evb,,,NL,MAN,LIT,1.1,,,,,,,,,,,3.5,,,,,,0.02,,,,,,,,,
FytoFert-S,,,NL,MAN,LIT,1.4,,,,,,,,,,,,,,25,,,,,,,,,,,,
Vivifos (DCM),,,NL,MOR,KG,,,4,2,2,,,,,,30,,,,,,,,,,,,,,,,
Quickstart PK,,,NL,MAN,LIT,1.4,,,,,,,,,,25,13,,,,,,,,,,,,,,,
Quickstart NP,,,NL,MAN,LIT,1.27,,14,,,,,,,,20,,,,,,,,,,,,,,,,
N-xt FertiPhos,,,NL,MAN,LIT,1.21,,6,,,,,,,,21,,,,1.2,,,,,,,,,,,,
KaliZwavel HF,,,NL,MAN,LIT,1.47,,,,,,,,,,,24,,,43,,,,,,,,,,,,
Top Trace Total K,,,NL,MAN,LIT,1.15,,7,,,,,,,,,10,,,,,,0.023,,0.012,,,0.07,,,,
Krypton,,,NL,MAN,LIT,1.26,,28,,,,,,,,,,,,,,,,,,,,,,,,
Crop Fuel,,,NL,MAN,LIT,1.35,,2.5,,,,,,,,13.5,13.5,0.025,,0.15,,,0.005,,0.12,,,0.14,0.045,,,
Hydrokalk,,,NL,KLK,KG,,,,,,,,,,,,,4,,,,,,,,,,,,,,
Aspergemix,,,NL,MAN,KG,,,,,,,,,,,,,5,,10,40,,,,,,,,,,,
Calcifert S,,,NL,KLK,KG,,,,,,,,,,,,,,46,55,,,,,,,,,,,,
APP 11-37,,,NL,MAN,LIT,1.43,,11,,,,,,,,37,,,,,,,,,,,,,,,,
APP 10-34,,,NL,MAN,LIT,1.38,,10,,,,,,,,34,,,,,,,,,,,,,,,,
Top Mix Pootgoed,,,NL,MAN,KG,,,12.6,,,,,,,,21.6,,5.4,10.8,20.1,,,,,,,,,,,,
Top Trace Zwavel 600 SC,,,NL,MAN,KG,,,,,,,,,,,,,,,,,,,,,,,,,,,
Foliplus Zwavel,,,NL,MAN,LIT,,,4.2,,,,,,,,,,3.2,,100,,,0.6,,,,,,,,,
Zink Fl,,,NL,MAN,LIT,1.74,,,,,,,,,,,,,,,,,,,,,,,40.2,,,
Polysulphate,,,NL,MAN,LIT,1.8,,,,,,,,,,,14,6,17,48,4,5,,,,,,,,,,
Pootaardappel Blend 12-0-31,,,NL,MAN,KG,,,12,,,,,,,,,31,,,,,,,,,,,,,,,
Uien Blend 15-8-21,,,NL,MAN,KG,,,15,,,,,,,,8,22,,,,,,,,,,,,,,,
P-Focus,,,NL,MAN,LIT,1.28,,10,,,,,,,,18,4,,,1,,,,,,,,0.5,0.5,,,
NPK 12-0-22,,,NL,MAN,KG,,,12,,,,,,,,,22,,,,,,,,,,,,,,,
Power Basic 140 22+0+0 + 10 SO3,,,NL,MAN,KG,,,22,,,,,,,,,,,,10,,,,,,,,,,,,
Powerstart 470 Granulaat,,,NL,MAN,KG,,,12,,,,,,,,43,,,,11,,,,,,,,,0.7,,,
Salpeterzuur,,,NL,MAN,LIT,1.32,,8.4,,,,,,,,,,,,,,,,,,,,,,,,
ACS Magnesiumfosfiet Plus,,,NL,MAN,LIT,1.36,,9.8,,,,,,,,26,,7,,,,,,,,,,,,,,
Kali TS 340,,,NL,MAN,LIT,1.5,,2.9,,,,,,,,,22.7,,,38.5,,,,,,,,,,,,
Brassitrel Pro,,,NL,MAN,LIT,1.54,,4.5,,,,,,,,,,7.7,8.1,,,,,,3.9,0.3,,4.5,,,,
Gramitrel,,,NL,MAN,LIT,1.64,,3.9,,,,,,,,,,15.2,,,,,3,,,,,9.1,4.8,,,
Thiotrac 300,,,NL,MAN,LIT,1.32,,15.2,,,,,,,,,,,,56.8,,,,,,,,,,,,
Stimplex,,,NL,MAN,LIT,1.12,,0.5,,,,,,,,2.5,3,,,0.2,,,,,,,,,,,,
Maxi Start Microgranulaat 10+31 + 20SO3,,,NL,MAN,KG,,,10,,,,,,,,31,,,,20,,,,,,,,,,,,
Top Mix NK 23+0+9,,,NL,MAN,KG,,,23,,,,,,,,,9,,,,,,,,,,,,,,,
Top Mix Pootgoed,,,NL,MAN,KG,,,12.6,,,,,,,,21.6,,5.4,10.8,20.1,,,,,,,,,,,,
Top Mix Wortel,,,NL,MAN,KG,,,5.3,,,,,,,,9,21.8,8.1,21.8,29.4,,,,,0.1,,,,,,,
Top Mix Zomergraan,,,NL,MAN,KG,,,15,,,,,,,,,23.7,4,0.7,7.3,,,,,,,,,,,,
Korrelgips,,,NL,KLK,KG,,,,,,,,,,,,,,33,,,,,,,,,,,,,
Nitrabor,,,NL,MAN,KG,,,15.4,,,,,,,,,,,26,,,,,,0.3,,,,,,,
N-xt Calcium N9 Ca B,,,NL,MAN,LIT,,,,,,,,,,,,,,,,,,,,,,,,,,,
N-xt FertiPhos,,,NL,MAN,LIT,1.24,,,,,,,,,,21,,,,,,,,,,,,,,,,
N-xt N 18 Ca Mg Mn,,,NL,MAN,LIT,,,,,,,,,,,,,,,,,,,,,,,,,,,
N-xt NP 18-14 B Zn,,,NL,MAN,LIT,,,,,,,,,,,,,,,,,,,,,,,,,,,
N-xt NP 22-5 B Zn,,,NL,MAN,LIT,,,,,,,,,,,,,,,,,,,,,,,,,,,
N-xt NP 22-8 B Zn,,,NL,MAN,LIT,,,,,,,,,,,,,,,,,,,,,,,,,,,
Top Mix Pootgoed Midden,,,NL,MAN,KG,,,,,,,,,,,,,,,,,,,,,,,,,,,
